id,asset,year,rep_period,time_block_start,time_block_end,dual_balance_conversion
1,AT_electrolyzer,2050,1,1,4,1.7225000000000004
2,AT_electrolyzer,2050,1,5,8,1.7224999999999997
3,AT_electrolyzer,2050,1,9,12,-0.0
4,AT_electrolyzer,2050,1,13,16,-0.0
5,AT_electrolyzer,2050,1,17,20,1.7225000000000001
6,AT_electrolyzer,2050,1,21,24,-0.0
7,AT_electrolyzer,2050,2,1,4,-0.0
8,AT_electrolyzer,2050,2,5,8,-0.0
9,AT_electrolyzer,2050,2,9,12,-0.0
10,AT_electrolyzer,2050,2,13,16,-0.0
11,AT_electrolyzer,2050,2,17,20,-0.0
12,AT_electrolyzer,2050,2,21,24,-0.0
13,AT_electrolyzer,2050,3,1,4,0.9425000000000002
14,AT_electrolyzer,2050,3,5,8,0.9425000000000002
15,AT_electrolyzer,2050,3,9,12,0.7216015625000004
16,AT_electrolyzer,2050,3,13,16,0.7216015625000004
17,AT_electrolyzer,2050,3,17,20,0.9425000000000002
18,AT_electrolyzer,2050,3,21,24,0.9425000000000004
19,AT_electrolyzer,2050,4,1,4,-0.0
20,AT_electrolyzer,2050,4,5,8,-0.0
21,AT_electrolyzer,2050,4,9,12,-0.0
22,AT_electrolyzer,2050,4,13,16,-0.0
23,AT_electrolyzer,2050,4,17,20,-0.0
24,AT_electrolyzer,2050,4,21,24,-0.0
25,AT_electrolyzer,2050,5,1,4,-0.0
26,AT_electrolyzer,2050,5,5,8,-0.0
27,AT_electrolyzer,2050,5,9,12,-0.0
28,AT_electrolyzer,2050,5,13,16,-0.0
29,AT_electrolyzer,2050,5,17,20,-0.0
30,AT_electrolyzer,2050,5,21,24,-0.0
31,AT_electrolyzer,2050,6,1,4,0.09876176470588238
32,AT_electrolyzer,2050,6,5,8,0.25407065633443693
33,AT_electrolyzer,2050,6,9,12,-0.0
34,AT_electrolyzer,2050,6,13,16,-0.0
35,AT_electrolyzer,2050,6,17,20,0.09876176470588237
36,AT_electrolyzer,2050,6,21,24,0.1082884402356102
37,AT_electrolyzer,2050,7,1,4,0.25260236346178544
38,AT_electrolyzer,2050,7,5,8,1.2025000000000001
39,AT_electrolyzer,2050,7,9,12,-0.0
40,AT_electrolyzer,2050,7,13,16,-0.0
41,AT_electrolyzer,2050,7,17,20,1.2025000000000001
42,AT_electrolyzer,2050,7,21,24,1.2025000000000001
43,AT_electrolyzer,2050,8,1,4,-0.0
44,AT_electrolyzer,2050,8,5,8,-0.0
45,AT_electrolyzer,2050,8,9,12,-0.0
46,AT_electrolyzer,2050,8,13,16,-0.0
47,AT_electrolyzer,2050,8,17,20,-0.0
48,AT_electrolyzer,2050,8,21,24,-0.0
49,AT_electrolyzer,2050,9,1,4,0.13622376164617683
50,AT_electrolyzer,2050,9,5,8,0.13622376164617683
51,AT_electrolyzer,2050,9,9,12,-0.0
52,AT_electrolyzer,2050,9,13,16,-0.0
53,AT_electrolyzer,2050,9,17,20,0.13622376164617683
54,AT_electrolyzer,2050,9,21,24,0.13622376164617683
55,AT_electrolyzer,2050,10,1,4,1.495
56,AT_electrolyzer,2050,10,5,8,1.4949999999999997
57,AT_electrolyzer,2050,10,9,12,1.4950000000000003
58,AT_electrolyzer,2050,10,13,16,1.4950000000000003
59,AT_electrolyzer,2050,10,17,20,1.495
60,AT_electrolyzer,2050,10,21,24,1.4950000000000003
61,BE_electrolyzer,2050,1,1,4,1.7225000000000004
62,BE_electrolyzer,2050,1,5,8,53.0
63,BE_electrolyzer,2050,1,9,12,53.0
64,BE_electrolyzer,2050,1,13,16,-0.0
65,BE_electrolyzer,2050,1,17,20,1.7225000000000004
66,BE_electrolyzer,2050,1,21,24,-0.0
67,BE_electrolyzer,2050,2,1,4,-0.0
68,BE_electrolyzer,2050,2,5,8,-0.0
69,BE_electrolyzer,2050,2,9,12,-0.0
70,BE_electrolyzer,2050,2,13,16,-0.0
71,BE_electrolyzer,2050,2,17,20,-0.0
72,BE_electrolyzer,2050,2,21,24,-0.0
73,BE_electrolyzer,2050,3,1,4,-0.0
74,BE_electrolyzer,2050,3,5,8,-0.0
75,BE_electrolyzer,2050,3,9,12,-0.0
76,BE_electrolyzer,2050,3,13,16,-0.0
77,BE_electrolyzer,2050,3,17,20,-0.0
78,BE_electrolyzer,2050,3,21,24,-0.0
79,BE_electrolyzer,2050,4,1,4,-0.0
80,BE_electrolyzer,2050,4,5,8,-0.0
81,BE_electrolyzer,2050,4,9,12,-0.0
82,BE_electrolyzer,2050,4,13,16,-0.0
83,BE_electrolyzer,2050,4,17,20,-0.0
84,BE_electrolyzer,2050,4,21,24,-0.0
85,BE_electrolyzer,2050,5,1,4,-0.0
86,BE_electrolyzer,2050,5,5,8,-0.0
87,BE_electrolyzer,2050,5,9,12,-0.0
88,BE_electrolyzer,2050,5,13,16,-0.0
89,BE_electrolyzer,2050,5,17,20,-0.0
90,BE_electrolyzer,2050,5,21,24,-0.0
91,BE_electrolyzer,2050,6,1,4,0.5850000000000001
92,BE_electrolyzer,2050,6,5,8,18.0
93,BE_electrolyzer,2050,6,9,12,0.5850000000000001
94,BE_electrolyzer,2050,6,13,16,-0.0
95,BE_electrolyzer,2050,6,17,20,-0.0
96,BE_electrolyzer,2050,6,21,24,0.6414297853677258
97,BE_electrolyzer,2050,7,1,4,1.2025000000000001
98,BE_electrolyzer,2050,7,5,8,37.0
99,BE_electrolyzer,2050,7,9,12,37.0
100,BE_electrolyzer,2050,7,13,16,6.267250910034464
101,BE_electrolyzer,2050,7,17,20,37.0
102,BE_electrolyzer,2050,7,21,24,1.2025000000000001
103,BE_electrolyzer,2050,8,1,4,-0.0
104,BE_electrolyzer,2050,8,5,8,-0.0
105,BE_electrolyzer,2050,8,9,12,-0.0
106,BE_electrolyzer,2050,8,13,16,-0.0
107,BE_electrolyzer,2050,8,17,20,-0.0
108,BE_electrolyzer,2050,8,21,24,-0.0
109,BE_electrolyzer,2050,9,1,4,-0.0
110,BE_electrolyzer,2050,9,5,8,-0.0
111,BE_electrolyzer,2050,9,9,12,-0.0
112,BE_electrolyzer,2050,9,13,16,-0.0
113,BE_electrolyzer,2050,9,17,20,-0.0
114,BE_electrolyzer,2050,9,21,24,-0.0
115,BE_electrolyzer,2050,10,1,4,1.4950000000000003
116,BE_electrolyzer,2050,10,5,8,3.673494266
117,BE_electrolyzer,2050,10,9,12,46.0
118,BE_electrolyzer,2050,10,13,16,46.0
119,BE_electrolyzer,2050,10,17,20,46.0
120,BE_electrolyzer,2050,10,21,24,1.4950000000000003
121,BG_electrolyzer,2050,1,1,4,1.7225000000000004
122,BG_electrolyzer,2050,1,5,8,1.7225000000000004
123,BG_electrolyzer,2050,1,9,12,-0.0
124,BG_electrolyzer,2050,1,13,16,-0.0
125,BG_electrolyzer,2050,1,17,20,1.7225000000000008
126,BG_electrolyzer,2050,1,21,24,1.7225000000000008
127,BG_electrolyzer,2050,2,1,4,0.3795
128,BG_electrolyzer,2050,2,5,8,0.3795
129,BG_electrolyzer,2050,2,9,12,-0.0
130,BG_electrolyzer,2050,2,13,16,-0.0
131,BG_electrolyzer,2050,2,17,20,0.3795000000000002
132,BG_electrolyzer,2050,2,21,24,0.3795
133,BG_electrolyzer,2050,3,1,4,0.9425000000000002
134,BG_electrolyzer,2050,3,5,8,0.9425000000000002
135,BG_electrolyzer,2050,3,9,12,0.8595835625000002
136,BG_electrolyzer,2050,3,13,16,0.9425000000000002
137,BG_electrolyzer,2050,3,17,20,0.9425000000000002
138,BG_electrolyzer,2050,3,21,24,0.9425000000000002
139,BG_electrolyzer,2050,4,1,4,0.2645
140,BG_electrolyzer,2050,4,5,8,0.345469387755102
141,BG_electrolyzer,2050,4,9,12,0.2645
142,BG_electrolyzer,2050,4,13,16,0.2645
143,BG_electrolyzer,2050,4,17,20,0.4154703626354115
144,BG_electrolyzer,2050,4,21,24,0.34546938775510205
145,BG_electrolyzer,2050,5,1,4,1.1345790637933497
146,BG_electrolyzer,2050,5,5,8,1.1345790637933495
147,BG_electrolyzer,2050,5,9,12,0.7810612244897945
148,BG_electrolyzer,2050,5,13,16,0.7810612244897945
149,BG_electrolyzer,2050,5,17,20,1.1345790637933497
150,BG_electrolyzer,2050,5,21,24,1.1345790637933497
151,BG_electrolyzer,2050,6,1,4,0.5850000000000009
152,BG_electrolyzer,2050,6,5,8,0.5850000000000009
153,BG_electrolyzer,2050,6,9,12,-0.0
154,BG_electrolyzer,2050,6,13,16,-0.0
155,BG_electrolyzer,2050,6,17,20,0.5850000000000009
156,BG_electrolyzer,2050,6,21,24,0.5850000000000009
157,BG_electrolyzer,2050,7,1,4,0.8072266221850138
158,BG_electrolyzer,2050,7,5,8,0.8072266221850138
159,BG_electrolyzer,2050,7,9,12,-0.0
160,BG_electrolyzer,2050,7,13,16,-0.0
161,BG_electrolyzer,2050,7,17,20,0.8072266221850136
162,BG_electrolyzer,2050,7,21,24,0.8072266221850141
163,BG_electrolyzer,2050,8,1,4,1.0075000000000003
164,BG_electrolyzer,2050,8,5,8,0.7713671875000001
165,BG_electrolyzer,2050,8,9,12,-0.0
166,BG_electrolyzer,2050,8,13,16,-0.0
167,BG_electrolyzer,2050,8,17,20,1.0075000000000005
168,BG_electrolyzer,2050,8,21,24,1.0075000000000003
169,BG_electrolyzer,2050,9,1,4,1.3975
170,BG_electrolyzer,2050,9,5,8,1.3975
171,BG_electrolyzer,2050,9,9,12,-0.0
172,BG_electrolyzer,2050,9,13,16,-0.0
173,BG_electrolyzer,2050,9,17,20,1.3975
174,BG_electrolyzer,2050,9,21,24,1.3975
175,BG_electrolyzer,2050,10,1,4,1.4950000000000003
176,BG_electrolyzer,2050,10,5,8,1.4950000000000003
177,BG_electrolyzer,2050,10,9,12,1.1446093750000006
178,BG_electrolyzer,2050,10,13,16,1.3368906488740055
179,BG_electrolyzer,2050,10,17,20,1.4950000000000003
180,BG_electrolyzer,2050,10,21,24,1.4950000000000003
181,CH_electrolyzer,2050,1,1,4,1.7225000000000004
182,CH_electrolyzer,2050,1,5,8,1.7224999999999997
183,CH_electrolyzer,2050,1,9,12,1.3187890625000003
184,CH_electrolyzer,2050,1,13,16,1.318789062500001
185,CH_electrolyzer,2050,1,17,20,1.7225000000000001
186,CH_electrolyzer,2050,1,21,24,1.7225
187,CH_electrolyzer,2050,2,1,4,1.0725000000000002
188,CH_electrolyzer,2050,2,5,8,1.0725000000000002
189,CH_electrolyzer,2050,2,9,12,-0.0
190,CH_electrolyzer,2050,2,13,16,-0.0
191,CH_electrolyzer,2050,2,17,20,1.0725000000000002
192,CH_electrolyzer,2050,2,21,24,1.0725000000000002
193,CH_electrolyzer,2050,3,1,4,0.9425000000000002
194,CH_electrolyzer,2050,3,5,8,0.9425000000000002
195,CH_electrolyzer,2050,3,9,12,0.7216015625000002
196,CH_electrolyzer,2050,3,13,16,0.7216015625000003
197,CH_electrolyzer,2050,3,17,20,0.9425000000000002
198,CH_electrolyzer,2050,3,21,24,0.9425000000000002
199,CH_electrolyzer,2050,4,1,4,0.7368323529411768
200,CH_electrolyzer,2050,4,5,8,0.7368323529411768
201,CH_electrolyzer,2050,4,9,12,0.5641372702205885
202,CH_electrolyzer,2050,4,13,16,0.5641372702205882
203,CH_electrolyzer,2050,4,17,20,0.7368323529411768
204,CH_electrolyzer,2050,4,21,24,0.7475000000000002
205,CH_electrolyzer,2050,5,1,4,1.6409823529411771
206,CH_electrolyzer,2050,5,5,8,1.6409823529411771
207,CH_electrolyzer,2050,5,9,12,1.256377113970589
208,CH_electrolyzer,2050,5,13,16,1.256377113970589
209,CH_electrolyzer,2050,5,17,20,1.6409823529411771
210,CH_electrolyzer,2050,5,21,24,1.640982352941177
211,CH_electrolyzer,2050,6,1,4,0.09876176470588237
212,CH_electrolyzer,2050,6,5,8,0.10828844023561024
213,CH_electrolyzer,2050,6,9,12,0.08290833705538908
214,CH_electrolyzer,2050,6,13,16,-0.0
215,CH_electrolyzer,2050,6,17,20,0.09876176470588237
216,CH_electrolyzer,2050,6,21,24,0.1082884402356102
217,CH_electrolyzer,2050,7,1,4,1.2025000000000001
218,CH_electrolyzer,2050,7,5,8,1.2025000000000001
219,CH_electrolyzer,2050,7,9,12,1.2025000000000001
220,CH_electrolyzer,2050,7,13,16,1.2025000000000001
221,CH_electrolyzer,2050,7,17,20,1.2025000000000001
222,CH_electrolyzer,2050,7,21,24,1.2025000000000001
223,CH_electrolyzer,2050,8,1,4,-0.0
224,CH_electrolyzer,2050,8,5,8,-0.0
225,CH_electrolyzer,2050,8,9,12,-0.0
226,CH_electrolyzer,2050,8,13,16,-0.0
227,CH_electrolyzer,2050,8,17,20,-0.0
228,CH_electrolyzer,2050,8,21,24,-0.0
229,CH_electrolyzer,2050,9,1,4,1.0490593750000003
230,CH_electrolyzer,2050,9,5,8,1.0490593750000003
231,CH_electrolyzer,2050,9,9,12,1.0490593750000003
232,CH_electrolyzer,2050,9,13,16,-0.0
233,CH_electrolyzer,2050,9,17,20,1.0490593750000003
234,CH_electrolyzer,2050,9,21,24,1.3702
235,CH_electrolyzer,2050,10,1,4,1.495
236,CH_electrolyzer,2050,10,5,8,1.495
237,CH_electrolyzer,2050,10,9,12,1.5073882352941177
238,CH_electrolyzer,2050,10,13,16,1.4950000000000003
239,CH_electrolyzer,2050,10,17,20,1.495
240,CH_electrolyzer,2050,10,21,24,1.4949999999999999
241,CY_electrolyzer,2050,1,1,4,1.7225000000000004
242,CY_electrolyzer,2050,1,5,8,1.7225000000000004
243,CY_electrolyzer,2050,1,9,12,-0.0
244,CY_electrolyzer,2050,1,13,16,-0.0
245,CY_electrolyzer,2050,1,17,20,1.7225000000000004
246,CY_electrolyzer,2050,1,21,24,1.7225000000000004
247,CY_electrolyzer,2050,2,1,4,-0.0
248,CY_electrolyzer,2050,2,5,8,-0.0
249,CY_electrolyzer,2050,2,9,12,-0.0
250,CY_electrolyzer,2050,2,13,16,-0.0
251,CY_electrolyzer,2050,2,17,20,-0.0
252,CY_electrolyzer,2050,2,21,24,-0.0
253,CY_electrolyzer,2050,3,1,4,0.9425000000000002
254,CY_electrolyzer,2050,3,5,8,0.9425000000000002
255,CY_electrolyzer,2050,3,9,12,0.7216015625000002
256,CY_electrolyzer,2050,3,13,16,0.7216015625000003
257,CY_electrolyzer,2050,3,17,20,0.9425000000000002
258,CY_electrolyzer,2050,3,21,24,0.9425000000000002
259,CY_electrolyzer,2050,4,1,4,-0.0
260,CY_electrolyzer,2050,4,5,8,-0.0
261,CY_electrolyzer,2050,4,9,12,-0.0
262,CY_electrolyzer,2050,4,13,16,-0.0
263,CY_electrolyzer,2050,4,17,20,-0.0
264,CY_electrolyzer,2050,4,21,24,-0.0
265,CY_electrolyzer,2050,5,1,4,1.1345790637933497
266,CY_electrolyzer,2050,5,5,8,1.1345790637933495
267,CY_electrolyzer,2050,5,9,12,-0.0
268,CY_electrolyzer,2050,5,13,16,-0.0
269,CY_electrolyzer,2050,5,17,20,1.1345790637933495
270,CY_electrolyzer,2050,5,21,24,1.1345790637933497
271,CY_electrolyzer,2050,6,1,4,0.4394878516433343
272,CY_electrolyzer,2050,6,5,8,0.43948785164333437
273,CY_electrolyzer,2050,6,9,12,-0.0
274,CY_electrolyzer,2050,6,13,16,-0.0
275,CY_electrolyzer,2050,6,17,20,0.4394878516433343
276,CY_electrolyzer,2050,6,21,24,0.43948785164333437
277,CY_electrolyzer,2050,7,1,4,0.8072266221850138
278,CY_electrolyzer,2050,7,5,8,0.8072266221850138
279,CY_electrolyzer,2050,7,9,12,-0.0
280,CY_electrolyzer,2050,7,13,16,-0.0
281,CY_electrolyzer,2050,7,17,20,0.8072266221850141
282,CY_electrolyzer,2050,7,21,24,0.8072266221850141
283,CY_electrolyzer,2050,8,1,4,1.0075000000000003
284,CY_electrolyzer,2050,8,5,8,0.7713671875000001
285,CY_electrolyzer,2050,8,9,12,-0.0
286,CY_electrolyzer,2050,8,13,16,-0.0
287,CY_electrolyzer,2050,8,17,20,1.0075000000000003
288,CY_electrolyzer,2050,8,21,24,1.0075000000000003
289,CY_electrolyzer,2050,9,1,4,1.3975
290,CY_electrolyzer,2050,9,5,8,1.3975
291,CY_electrolyzer,2050,9,9,12,-0.0
292,CY_electrolyzer,2050,9,13,16,-0.0
293,CY_electrolyzer,2050,9,17,20,1.3975
294,CY_electrolyzer,2050,9,21,24,1.3975
295,CY_electrolyzer,2050,10,1,4,1.4950000000000003
296,CY_electrolyzer,2050,10,5,8,1.4950000000000003
297,CY_electrolyzer,2050,10,9,12,-0.0
298,CY_electrolyzer,2050,10,13,16,-0.0
299,CY_electrolyzer,2050,10,17,20,1.4950000000000003
300,CY_electrolyzer,2050,10,21,24,1.4950000000000003
301,CZ_electrolyzer,2050,1,1,4,1.7225000000000004
302,CZ_electrolyzer,2050,1,5,8,1.7225000000000004
303,CZ_electrolyzer,2050,1,9,12,1.7225000000000004
304,CZ_electrolyzer,2050,1,13,16,1.7225000000000004
305,CZ_electrolyzer,2050,1,17,20,1.7225000000000004
306,CZ_electrolyzer,2050,1,21,24,1.7225000000000004
307,CZ_electrolyzer,2050,2,1,4,1.0724999999999998
308,CZ_electrolyzer,2050,2,5,8,0.3795
309,CZ_electrolyzer,2050,2,9,12,-0.0
310,CZ_electrolyzer,2050,2,13,16,-0.0
311,CZ_electrolyzer,2050,2,17,20,0.3795
312,CZ_electrolyzer,2050,2,21,24,1.0725000000000005
313,CZ_electrolyzer,2050,3,1,4,0.9425000000000002
314,CZ_electrolyzer,2050,3,5,8,0.9425000000000002
315,CZ_electrolyzer,2050,3,9,12,0.7216015625000004
316,CZ_electrolyzer,2050,3,13,16,0.9425000000000002
317,CZ_electrolyzer,2050,3,17,20,0.9425000000000002
318,CZ_electrolyzer,2050,3,21,24,0.9425000000000004
319,CZ_electrolyzer,2050,4,1,4,0.7475000000000002
320,CZ_electrolyzer,2050,4,5,8,0.7475
321,CZ_electrolyzer,2050,4,9,12,0.7475000000000002
322,CZ_electrolyzer,2050,4,13,16,0.6817386875000001
323,CZ_electrolyzer,2050,4,17,20,0.7475000000000002
324,CZ_electrolyzer,2050,4,21,24,0.7475000000000002
325,CZ_electrolyzer,2050,5,1,4,0.598
326,CZ_electrolyzer,2050,5,5,8,0.598
327,CZ_electrolyzer,2050,5,9,12,0.7810612244897945
328,CZ_electrolyzer,2050,5,13,16,0.7810612244897956
329,CZ_electrolyzer,2050,5,17,20,0.598
330,CZ_electrolyzer,2050,5,21,24,0.598
331,CZ_electrolyzer,2050,6,1,4,0.5850000000000002
332,CZ_electrolyzer,2050,6,5,8,0.5850000000000001
333,CZ_electrolyzer,2050,6,9,12,0.5850000000000001
334,CZ_electrolyzer,2050,6,13,16,-0.0
335,CZ_electrolyzer,2050,6,17,20,0.5850000000000002
336,CZ_electrolyzer,2050,6,21,24,0.5850000000000001
337,CZ_electrolyzer,2050,7,1,4,1.2025000000000001
338,CZ_electrolyzer,2050,7,5,8,1.2025000000000001
339,CZ_electrolyzer,2050,7,9,12,1.2025000000000001
340,CZ_electrolyzer,2050,7,13,16,0.4255
341,CZ_electrolyzer,2050,7,17,20,1.2025000000000001
342,CZ_electrolyzer,2050,7,21,24,1.2025000000000001
343,CZ_electrolyzer,2050,8,1,4,1.0075
344,CZ_electrolyzer,2050,8,5,8,0.3565
345,CZ_electrolyzer,2050,8,9,12,-0.0
346,CZ_electrolyzer,2050,8,13,16,-0.0
347,CZ_electrolyzer,2050,8,17,20,1.0075
348,CZ_electrolyzer,2050,8,21,24,1.0075
349,CZ_electrolyzer,2050,9,1,4,0.4945
350,CZ_electrolyzer,2050,9,5,8,0.4945
351,CZ_electrolyzer,2050,9,9,12,-0.0
352,CZ_electrolyzer,2050,9,13,16,-0.0
353,CZ_electrolyzer,2050,9,17,20,0.4944999999999999
354,CZ_electrolyzer,2050,9,21,24,0.4945
355,CZ_electrolyzer,2050,10,1,4,1.952653061224489
356,CZ_electrolyzer,2050,10,5,8,1.495
357,CZ_electrolyzer,2050,10,9,12,1.4950000000000003
358,CZ_electrolyzer,2050,10,13,16,1.4950000000000003
359,CZ_electrolyzer,2050,10,17,20,1.952653061224489
360,CZ_electrolyzer,2050,10,21,24,1.4950000000000003
361,DE_electrolyzer,2050,1,1,4,1.7225000000000004
362,DE_electrolyzer,2050,1,5,8,53.0
363,DE_electrolyzer,2050,1,9,12,53.0
364,DE_electrolyzer,2050,1,13,16,52.99999999999997
365,DE_electrolyzer,2050,1,17,20,52.99999999999997
366,DE_electrolyzer,2050,1,21,24,-0.0
367,DE_electrolyzer,2050,2,1,4,-0.0
368,DE_electrolyzer,2050,2,5,8,-0.0
369,DE_electrolyzer,2050,2,9,12,-0.0
370,DE_electrolyzer,2050,2,13,16,-0.0
371,DE_electrolyzer,2050,2,17,20,-0.0
372,DE_electrolyzer,2050,2,21,24,-0.0
373,DE_electrolyzer,2050,3,1,4,-0.0
374,DE_electrolyzer,2050,3,5,8,-0.0
375,DE_electrolyzer,2050,3,9,12,-0.0
376,DE_electrolyzer,2050,3,13,16,-0.0
377,DE_electrolyzer,2050,3,17,20,-0.0
378,DE_electrolyzer,2050,3,21,24,-0.0
379,DE_electrolyzer,2050,4,1,4,-0.0
380,DE_electrolyzer,2050,4,5,8,-0.0
381,DE_electrolyzer,2050,4,9,12,-0.0
382,DE_electrolyzer,2050,4,13,16,-0.0
383,DE_electrolyzer,2050,4,17,20,-0.0
384,DE_electrolyzer,2050,4,21,24,-0.0
385,DE_electrolyzer,2050,5,1,4,-0.0
386,DE_electrolyzer,2050,5,5,8,-0.0
387,DE_electrolyzer,2050,5,9,12,-0.0
388,DE_electrolyzer,2050,5,13,16,-0.0
389,DE_electrolyzer,2050,5,17,20,-0.0
390,DE_electrolyzer,2050,5,21,24,-0.0
391,DE_electrolyzer,2050,6,1,4,0.09876176470588238
392,DE_electrolyzer,2050,6,5,8,0.5850000000000001
393,DE_electrolyzer,2050,6,9,12,0.5850000000000001
394,DE_electrolyzer,2050,6,13,16,-0.0
395,DE_electrolyzer,2050,6,17,20,0.09876176470588237
396,DE_electrolyzer,2050,6,21,24,0.1082884402356102
397,DE_electrolyzer,2050,7,1,4,-0.0
398,DE_electrolyzer,2050,7,5,8,1.2025000000000001
399,DE_electrolyzer,2050,7,9,12,6.871797275331778
400,DE_electrolyzer,2050,7,13,16,6.267250910034464
401,DE_electrolyzer,2050,7,17,20,37.0
402,DE_electrolyzer,2050,7,21,24,1.2025000000000001
403,DE_electrolyzer,2050,8,1,4,-0.0
404,DE_electrolyzer,2050,8,5,8,-0.0
405,DE_electrolyzer,2050,8,9,12,-0.0
406,DE_electrolyzer,2050,8,13,16,-0.0
407,DE_electrolyzer,2050,8,17,20,-0.0
408,DE_electrolyzer,2050,8,21,24,-0.0
409,DE_electrolyzer,2050,9,1,4,-0.0
410,DE_electrolyzer,2050,9,5,8,-0.0
411,DE_electrolyzer,2050,9,9,12,-0.0
412,DE_electrolyzer,2050,9,13,16,-0.0
413,DE_electrolyzer,2050,9,17,20,-0.0
414,DE_electrolyzer,2050,9,21,24,-0.0
415,DE_electrolyzer,2050,10,1,4,46.0
416,DE_electrolyzer,2050,10,5,8,902.8005178325429
417,DE_electrolyzer,2050,10,9,12,1179.1680232914844
418,DE_electrolyzer,2050,10,13,16,1179.1680232914844
419,DE_electrolyzer,2050,10,17,20,1179.1680232914844
420,DE_electrolyzer,2050,10,21,24,1.4950000000000003
421,DK_electrolyzer,2050,1,1,4,1.7225000000000004
422,DK_electrolyzer,2050,1,5,8,53.0
423,DK_electrolyzer,2050,1,9,12,53.0
424,DK_electrolyzer,2050,1,13,16,52.99999999999997
425,DK_electrolyzer,2050,1,17,20,52.99999999999997
426,DK_electrolyzer,2050,1,21,24,-0.0
427,DK_electrolyzer,2050,2,1,4,-0.0
428,DK_electrolyzer,2050,2,5,8,-0.0
429,DK_electrolyzer,2050,2,9,12,-0.0
430,DK_electrolyzer,2050,2,13,16,-0.0
431,DK_electrolyzer,2050,2,17,20,-0.0
432,DK_electrolyzer,2050,2,21,24,-0.0
433,DK_electrolyzer,2050,3,1,4,-0.0
434,DK_electrolyzer,2050,3,5,8,-0.0
435,DK_electrolyzer,2050,3,9,12,-0.0
436,DK_electrolyzer,2050,3,13,16,-0.0
437,DK_electrolyzer,2050,3,17,20,-0.0
438,DK_electrolyzer,2050,3,21,24,-0.0
439,DK_electrolyzer,2050,4,1,4,-0.0
440,DK_electrolyzer,2050,4,5,8,-0.0
441,DK_electrolyzer,2050,4,9,12,-0.0
442,DK_electrolyzer,2050,4,13,16,-0.0
443,DK_electrolyzer,2050,4,17,20,-0.0
444,DK_electrolyzer,2050,4,21,24,-0.0
445,DK_electrolyzer,2050,5,1,4,-0.0
446,DK_electrolyzer,2050,5,5,8,-0.0
447,DK_electrolyzer,2050,5,9,12,-0.0
448,DK_electrolyzer,2050,5,13,16,-0.0
449,DK_electrolyzer,2050,5,17,20,-0.0
450,DK_electrolyzer,2050,5,21,24,-0.0
451,DK_electrolyzer,2050,6,1,4,0.09876176470588238
452,DK_electrolyzer,2050,6,5,8,0.5850000000000001
453,DK_electrolyzer,2050,6,9,12,0.5850000000000001
454,DK_electrolyzer,2050,6,13,16,-0.0
455,DK_electrolyzer,2050,6,17,20,-0.0
456,DK_electrolyzer,2050,6,21,24,0.1082884402356102
457,DK_electrolyzer,2050,7,1,4,-0.0
458,DK_electrolyzer,2050,7,5,8,1.2025000000000001
459,DK_electrolyzer,2050,7,9,12,6.871797275331778
460,DK_electrolyzer,2050,7,13,16,6.267250910034464
461,DK_electrolyzer,2050,7,17,20,37.0
462,DK_electrolyzer,2050,7,21,24,1.2025000000000001
463,DK_electrolyzer,2050,8,1,4,-0.0
464,DK_electrolyzer,2050,8,5,8,-0.0
465,DK_electrolyzer,2050,8,9,12,-0.0
466,DK_electrolyzer,2050,8,13,16,-0.0
467,DK_electrolyzer,2050,8,17,20,-0.0
468,DK_electrolyzer,2050,8,21,24,-0.0
469,DK_electrolyzer,2050,9,1,4,-0.0
470,DK_electrolyzer,2050,9,5,8,-0.0
471,DK_electrolyzer,2050,9,9,12,-0.0
472,DK_electrolyzer,2050,9,13,16,-0.0
473,DK_electrolyzer,2050,9,17,20,-0.0
474,DK_electrolyzer,2050,9,21,24,-0.0
475,DK_electrolyzer,2050,10,1,4,46.0
476,DK_electrolyzer,2050,10,5,8,902.8005178325429
477,DK_electrolyzer,2050,10,9,12,1179.1680232914844
478,DK_electrolyzer,2050,10,13,16,1179.1680232914844
479,DK_electrolyzer,2050,10,17,20,1179.1680232914844
480,DK_electrolyzer,2050,10,21,24,1.4950000000000003
481,EE_electrolyzer,2050,1,1,4,-0.0
482,EE_electrolyzer,2050,1,5,8,-0.0
483,EE_electrolyzer,2050,1,9,12,-0.0
484,EE_electrolyzer,2050,1,13,16,-0.0
485,EE_electrolyzer,2050,1,17,20,-0.0
486,EE_electrolyzer,2050,1,21,24,-0.0
487,EE_electrolyzer,2050,2,1,4,-0.0
488,EE_electrolyzer,2050,2,5,8,-0.0
489,EE_electrolyzer,2050,2,9,12,-0.0
490,EE_electrolyzer,2050,2,13,16,-0.0
491,EE_electrolyzer,2050,2,17,20,-0.0
492,EE_electrolyzer,2050,2,21,24,-0.0
493,EE_electrolyzer,2050,3,1,4,-0.0
494,EE_electrolyzer,2050,3,5,8,-0.0
495,EE_electrolyzer,2050,3,9,12,-0.0
496,EE_electrolyzer,2050,3,13,16,-0.0
497,EE_electrolyzer,2050,3,17,20,-0.0
498,EE_electrolyzer,2050,3,21,24,-0.0
499,EE_electrolyzer,2050,4,1,4,-0.0
500,EE_electrolyzer,2050,4,5,8,-0.0
501,EE_electrolyzer,2050,4,9,12,-0.0
502,EE_electrolyzer,2050,4,13,16,-0.0
503,EE_electrolyzer,2050,4,17,20,-0.0
504,EE_electrolyzer,2050,4,21,24,-0.0
505,EE_electrolyzer,2050,5,1,4,-0.0
506,EE_electrolyzer,2050,5,5,8,-0.0
507,EE_electrolyzer,2050,5,9,12,-0.0
508,EE_electrolyzer,2050,5,13,16,-0.0
509,EE_electrolyzer,2050,5,17,20,-0.0
510,EE_electrolyzer,2050,5,21,24,-0.0
511,EE_electrolyzer,2050,6,1,4,-0.0
512,EE_electrolyzer,2050,6,5,8,-0.0
513,EE_electrolyzer,2050,6,9,12,-0.0
514,EE_electrolyzer,2050,6,13,16,-0.0
515,EE_electrolyzer,2050,6,17,20,-0.0
516,EE_electrolyzer,2050,6,21,24,-0.0
517,EE_electrolyzer,2050,7,1,4,-0.0
518,EE_electrolyzer,2050,7,5,8,-0.0
519,EE_electrolyzer,2050,7,9,12,-0.0
520,EE_electrolyzer,2050,7,13,16,-0.0
521,EE_electrolyzer,2050,7,17,20,-0.0
522,EE_electrolyzer,2050,7,21,24,-0.0
523,EE_electrolyzer,2050,8,1,4,-0.0
524,EE_electrolyzer,2050,8,5,8,-0.0
525,EE_electrolyzer,2050,8,9,12,-0.0
526,EE_electrolyzer,2050,8,13,16,-0.0
527,EE_electrolyzer,2050,8,17,20,-0.0
528,EE_electrolyzer,2050,8,21,24,-0.0
529,EE_electrolyzer,2050,9,1,4,-0.0
530,EE_electrolyzer,2050,9,5,8,-0.0
531,EE_electrolyzer,2050,9,9,12,-0.0
532,EE_electrolyzer,2050,9,13,16,-0.0
533,EE_electrolyzer,2050,9,17,20,-0.0
534,EE_electrolyzer,2050,9,21,24,-0.0
535,EE_electrolyzer,2050,10,1,4,-0.0
536,EE_electrolyzer,2050,10,5,8,-0.0
537,EE_electrolyzer,2050,10,9,12,-0.0
538,EE_electrolyzer,2050,10,13,16,-0.0
539,EE_electrolyzer,2050,10,17,20,-0.0
540,EE_electrolyzer,2050,10,21,24,-0.0
541,ES_electrolyzer,2050,1,1,4,1.7225000000000004
542,ES_electrolyzer,2050,1,5,8,1.7225000000000004
543,ES_electrolyzer,2050,1,9,12,1.7225000000000004
544,ES_electrolyzer,2050,1,13,16,-0.0
545,ES_electrolyzer,2050,1,17,20,1.3187890625000005
546,ES_electrolyzer,2050,1,21,24,1.7225000000000004
547,ES_electrolyzer,2050,2,1,4,1.0725
548,ES_electrolyzer,2050,2,5,8,1.0725000000000002
549,ES_electrolyzer,2050,2,9,12,-0.0
550,ES_electrolyzer,2050,2,13,16,-0.0
551,ES_electrolyzer,2050,2,17,20,-0.0
552,ES_electrolyzer,2050,2,21,24,1.0725000000000002
553,ES_electrolyzer,2050,3,1,4,0.9425000000000002
554,ES_electrolyzer,2050,3,5,8,0.9425000000000002
555,ES_electrolyzer,2050,3,9,12,0.9425000000000002
556,ES_electrolyzer,2050,3,13,16,0.7216015625000003
557,ES_electrolyzer,2050,3,17,20,0.9425000000000002
558,ES_electrolyzer,2050,3,21,24,0.9425000000000002
559,ES_electrolyzer,2050,4,1,4,-0.0
560,ES_electrolyzer,2050,4,5,8,-0.0
561,ES_electrolyzer,2050,4,9,12,-0.0
562,ES_electrolyzer,2050,4,13,16,-0.0
563,ES_electrolyzer,2050,4,17,20,-0.0
564,ES_electrolyzer,2050,4,21,24,0.7475
565,ES_electrolyzer,2050,5,1,4,1.6900000000000004
566,ES_electrolyzer,2050,5,5,8,1.6900000000000002
567,ES_electrolyzer,2050,5,9,12,1.6575000000000009
568,ES_electrolyzer,2050,5,13,16,-0.0
569,ES_electrolyzer,2050,5,17,20,1.6575000000000004
570,ES_electrolyzer,2050,5,21,24,1.6900000000000002
571,ES_electrolyzer,2050,6,1,4,0.10828844023561016
572,ES_electrolyzer,2050,6,5,8,0.10828844023561016
573,ES_electrolyzer,2050,6,9,12,-0.0
574,ES_electrolyzer,2050,6,13,16,-0.0
575,ES_electrolyzer,2050,6,17,20,-0.0
576,ES_electrolyzer,2050,6,21,24,0.1082884402356102
577,ES_electrolyzer,2050,7,1,4,1.2025000000000001
578,ES_electrolyzer,2050,7,5,8,1.2025000000000001
579,ES_electrolyzer,2050,7,9,12,1.2025000000000001
580,ES_electrolyzer,2050,7,13,16,-0.0
581,ES_electrolyzer,2050,7,17,20,1.2025000000000001
582,ES_electrolyzer,2050,7,21,24,1.2025000000000001
583,ES_electrolyzer,2050,8,1,4,1.0075
584,ES_electrolyzer,2050,8,5,8,1.0075
585,ES_electrolyzer,2050,8,9,12,-0.0
586,ES_electrolyzer,2050,8,13,16,-0.0
587,ES_electrolyzer,2050,8,17,20,-0.0
588,ES_electrolyzer,2050,8,21,24,1.0075
589,ES_electrolyzer,2050,9,1,4,1.3975
590,ES_electrolyzer,2050,9,5,8,1.3975
591,ES_electrolyzer,2050,9,9,12,1.0699609375000005
592,ES_electrolyzer,2050,9,13,16,-0.0
593,ES_electrolyzer,2050,9,17,20,1.0490593750000003
594,ES_electrolyzer,2050,9,21,24,1.3975
595,ES_electrolyzer,2050,10,1,4,1.4950000000000008
596,ES_electrolyzer,2050,10,5,8,1.4950000000000003
597,ES_electrolyzer,2050,10,9,12,1.4950000000000003
598,ES_electrolyzer,2050,10,13,16,-0.0
599,ES_electrolyzer,2050,10,17,20,1.4950000000000003
600,ES_electrolyzer,2050,10,21,24,1.4950000000000003
601,FI_electrolyzer,2050,1,1,4,-0.0
602,FI_electrolyzer,2050,1,5,8,-0.0
603,FI_electrolyzer,2050,1,9,12,-0.0
604,FI_electrolyzer,2050,1,13,16,-0.0
605,FI_electrolyzer,2050,1,17,20,-0.0
606,FI_electrolyzer,2050,1,21,24,-0.0
607,FI_electrolyzer,2050,2,1,4,-0.0
608,FI_electrolyzer,2050,2,5,8,-0.0
609,FI_electrolyzer,2050,2,9,12,-0.0
610,FI_electrolyzer,2050,2,13,16,-0.0
611,FI_electrolyzer,2050,2,17,20,-0.0
612,FI_electrolyzer,2050,2,21,24,-0.0
613,FI_electrolyzer,2050,3,1,4,-0.0
614,FI_electrolyzer,2050,3,5,8,-0.0
615,FI_electrolyzer,2050,3,9,12,-0.0
616,FI_electrolyzer,2050,3,13,16,-0.0
617,FI_electrolyzer,2050,3,17,20,-0.0
618,FI_electrolyzer,2050,3,21,24,-0.0
619,FI_electrolyzer,2050,4,1,4,-0.0
620,FI_electrolyzer,2050,4,5,8,-0.0
621,FI_electrolyzer,2050,4,9,12,-0.0
622,FI_electrolyzer,2050,4,13,16,-0.0
623,FI_electrolyzer,2050,4,17,20,-0.0
624,FI_electrolyzer,2050,4,21,24,-0.0
625,FI_electrolyzer,2050,5,1,4,-0.0
626,FI_electrolyzer,2050,5,5,8,-0.0
627,FI_electrolyzer,2050,5,9,12,-0.0
628,FI_electrolyzer,2050,5,13,16,-0.0
629,FI_electrolyzer,2050,5,17,20,-0.0
630,FI_electrolyzer,2050,5,21,24,-0.0
631,FI_electrolyzer,2050,6,1,4,-0.0
632,FI_electrolyzer,2050,6,5,8,-0.0
633,FI_electrolyzer,2050,6,9,12,-0.0
634,FI_electrolyzer,2050,6,13,16,-0.0
635,FI_electrolyzer,2050,6,17,20,-0.0
636,FI_electrolyzer,2050,6,21,24,-0.0
637,FI_electrolyzer,2050,7,1,4,-0.0
638,FI_electrolyzer,2050,7,5,8,-0.0
639,FI_electrolyzer,2050,7,9,12,-0.0
640,FI_electrolyzer,2050,7,13,16,-0.0
641,FI_electrolyzer,2050,7,17,20,-0.0
642,FI_electrolyzer,2050,7,21,24,-0.0
643,FI_electrolyzer,2050,8,1,4,-0.0
644,FI_electrolyzer,2050,8,5,8,-0.0
645,FI_electrolyzer,2050,8,9,12,-0.0
646,FI_electrolyzer,2050,8,13,16,-0.0
647,FI_electrolyzer,2050,8,17,20,-0.0
648,FI_electrolyzer,2050,8,21,24,-0.0
649,FI_electrolyzer,2050,9,1,4,-0.0
650,FI_electrolyzer,2050,9,5,8,-0.0
651,FI_electrolyzer,2050,9,9,12,-0.0
652,FI_electrolyzer,2050,9,13,16,-0.0
653,FI_electrolyzer,2050,9,17,20,-0.0
654,FI_electrolyzer,2050,9,21,24,-0.0
655,FI_electrolyzer,2050,10,1,4,-0.0
656,FI_electrolyzer,2050,10,5,8,-0.0
657,FI_electrolyzer,2050,10,9,12,-0.0
658,FI_electrolyzer,2050,10,13,16,-0.0
659,FI_electrolyzer,2050,10,17,20,-0.0
660,FI_electrolyzer,2050,10,21,24,-0.0
661,FR_electrolyzer,2050,1,1,4,1.7225000000000004
662,FR_electrolyzer,2050,1,5,8,53.0
663,FR_electrolyzer,2050,1,9,12,52.99999999999999
664,FR_electrolyzer,2050,1,13,16,53.0
665,FR_electrolyzer,2050,1,17,20,53.0
666,FR_electrolyzer,2050,1,21,24,53.0
667,FR_electrolyzer,2050,2,1,4,-0.0
668,FR_electrolyzer,2050,2,5,8,-0.0
669,FR_electrolyzer,2050,2,9,12,-0.0
670,FR_electrolyzer,2050,2,13,16,-0.0
671,FR_electrolyzer,2050,2,17,20,-0.0
672,FR_electrolyzer,2050,2,21,24,1.0725000000000002
673,FR_electrolyzer,2050,3,1,4,-0.0
674,FR_electrolyzer,2050,3,5,8,-0.0
675,FR_electrolyzer,2050,3,9,12,-0.0
676,FR_electrolyzer,2050,3,13,16,0.7216015625000003
677,FR_electrolyzer,2050,3,17,20,0.9425000000000002
678,FR_electrolyzer,2050,3,21,24,0.9425000000000002
679,FR_electrolyzer,2050,4,1,4,-0.0
680,FR_electrolyzer,2050,4,5,8,-0.0
681,FR_electrolyzer,2050,4,9,12,-0.0
682,FR_electrolyzer,2050,4,13,16,-0.0
683,FR_electrolyzer,2050,4,17,20,-0.0
684,FR_electrolyzer,2050,4,21,24,0.7475000000000002
685,FR_electrolyzer,2050,5,1,4,-0.0
686,FR_electrolyzer,2050,5,5,8,-0.0
687,FR_electrolyzer,2050,5,9,12,-0.0
688,FR_electrolyzer,2050,5,13,16,-0.0
689,FR_electrolyzer,2050,5,17,20,-0.0
690,FR_electrolyzer,2050,5,21,24,-0.0
691,FR_electrolyzer,2050,6,1,4,-0.0
692,FR_electrolyzer,2050,6,5,8,-0.0
693,FR_electrolyzer,2050,6,9,12,0.207
694,FR_electrolyzer,2050,6,13,16,-0.0
695,FR_electrolyzer,2050,6,17,20,-0.0
696,FR_electrolyzer,2050,6,21,24,0.1082884402356102
697,FR_electrolyzer,2050,7,1,4,1.2025000000000001
698,FR_electrolyzer,2050,7,5,8,37.0
699,FR_electrolyzer,2050,7,9,12,37.0
700,FR_electrolyzer,2050,7,13,16,37.0
701,FR_electrolyzer,2050,7,17,20,37.0
702,FR_electrolyzer,2050,7,21,24,37.0
703,FR_electrolyzer,2050,8,1,4,-0.0
704,FR_electrolyzer,2050,8,5,8,-0.0
705,FR_electrolyzer,2050,8,9,12,-0.0
706,FR_electrolyzer,2050,8,13,16,-0.0
707,FR_electrolyzer,2050,8,17,20,-0.0
708,FR_electrolyzer,2050,8,21,24,1.7763568394002505e-15
709,FR_electrolyzer,2050,9,1,4,-0.0
710,FR_electrolyzer,2050,9,5,8,-0.0
711,FR_electrolyzer,2050,9,9,12,1.0699609375000005
712,FR_electrolyzer,2050,9,13,16,-0.0
713,FR_electrolyzer,2050,9,17,20,1.0490593750000003
714,FR_electrolyzer,2050,9,21,24,1.3975
715,FR_electrolyzer,2050,10,1,4,0.529
716,FR_electrolyzer,2050,10,5,8,1.4950000000000003
717,FR_electrolyzer,2050,10,9,12,46.0
718,FR_electrolyzer,2050,10,13,16,1.4950000000000003
719,FR_electrolyzer,2050,10,17,20,1.495
720,FR_electrolyzer,2050,10,21,24,1.4949999999999999
721,GR_electrolyzer,2050,1,1,4,1.7225000000000004
722,GR_electrolyzer,2050,1,5,8,1.7225000000000004
723,GR_electrolyzer,2050,1,9,12,-0.0
724,GR_electrolyzer,2050,1,13,16,-0.0
725,GR_electrolyzer,2050,1,17,20,1.7225000000000004
726,GR_electrolyzer,2050,1,21,24,1.7225000000000004
727,GR_electrolyzer,2050,2,1,4,-0.0
728,GR_electrolyzer,2050,2,5,8,-0.0
729,GR_electrolyzer,2050,2,9,12,-0.0
730,GR_electrolyzer,2050,2,13,16,-0.0
731,GR_electrolyzer,2050,2,17,20,-0.0
732,GR_electrolyzer,2050,2,21,24,-0.0
733,GR_electrolyzer,2050,3,1,4,0.9425000000000002
734,GR_electrolyzer,2050,3,5,8,0.9425000000000002
735,GR_electrolyzer,2050,3,9,12,0.7216015625000002
736,GR_electrolyzer,2050,3,13,16,0.7216015625000003
737,GR_electrolyzer,2050,3,17,20,0.9425000000000002
738,GR_electrolyzer,2050,3,21,24,0.9425000000000002
739,GR_electrolyzer,2050,4,1,4,-0.0
740,GR_electrolyzer,2050,4,5,8,-0.0
741,GR_electrolyzer,2050,4,9,12,-0.0
742,GR_electrolyzer,2050,4,13,16,-0.0
743,GR_electrolyzer,2050,4,17,20,-0.0
744,GR_electrolyzer,2050,4,21,24,-0.0
745,GR_electrolyzer,2050,5,1,4,1.1345790637933497
746,GR_electrolyzer,2050,5,5,8,1.1345790637933495
747,GR_electrolyzer,2050,5,9,12,-0.0
748,GR_electrolyzer,2050,5,13,16,-0.0
749,GR_electrolyzer,2050,5,17,20,1.1345790637933497
750,GR_electrolyzer,2050,5,21,24,1.1345790637933497
751,GR_electrolyzer,2050,6,1,4,0.4394878516433343
752,GR_electrolyzer,2050,6,5,8,0.43948785164333437
753,GR_electrolyzer,2050,6,9,12,-0.0
754,GR_electrolyzer,2050,6,13,16,-0.0
755,GR_electrolyzer,2050,6,17,20,0.3364828864144279
756,GR_electrolyzer,2050,6,21,24,0.43948785164333437
757,GR_electrolyzer,2050,7,1,4,0.8072266221850138
758,GR_electrolyzer,2050,7,5,8,0.8072266221850138
759,GR_electrolyzer,2050,7,9,12,-0.0
760,GR_electrolyzer,2050,7,13,16,-0.0
761,GR_electrolyzer,2050,7,17,20,0.8072266221850141
762,GR_electrolyzer,2050,7,21,24,0.8072266221850141
763,GR_electrolyzer,2050,8,1,4,1.0075000000000003
764,GR_electrolyzer,2050,8,5,8,0.7713671875000001
765,GR_electrolyzer,2050,8,9,12,-0.0
766,GR_electrolyzer,2050,8,13,16,-0.0
767,GR_electrolyzer,2050,8,17,20,0.7713671875000002
768,GR_electrolyzer,2050,8,21,24,1.0075000000000003
769,GR_electrolyzer,2050,9,1,4,1.3975
770,GR_electrolyzer,2050,9,5,8,1.3975
771,GR_electrolyzer,2050,9,9,12,-0.0
772,GR_electrolyzer,2050,9,13,16,-0.0
773,GR_electrolyzer,2050,9,17,20,1.3975
774,GR_electrolyzer,2050,9,21,24,1.3975
775,GR_electrolyzer,2050,10,1,4,1.4950000000000003
776,GR_electrolyzer,2050,10,5,8,1.4950000000000003
777,GR_electrolyzer,2050,10,9,12,-0.0
778,GR_electrolyzer,2050,10,13,16,-0.0
779,GR_electrolyzer,2050,10,17,20,1.4950000000000003
780,GR_electrolyzer,2050,10,21,24,1.4950000000000003
781,HR_electrolyzer,2050,1,1,4,1.7225000000000004
782,HR_electrolyzer,2050,1,5,8,1.7225000000000004
783,HR_electrolyzer,2050,1,9,12,-0.0
784,HR_electrolyzer,2050,1,13,16,-0.0
785,HR_electrolyzer,2050,1,17,20,1.7225000000000004
786,HR_electrolyzer,2050,1,21,24,1.7225000000000004
787,HR_electrolyzer,2050,2,1,4,-0.0
788,HR_electrolyzer,2050,2,5,8,-0.0
789,HR_electrolyzer,2050,2,9,12,-0.0
790,HR_electrolyzer,2050,2,13,16,-0.0
791,HR_electrolyzer,2050,2,17,20,-0.0
792,HR_electrolyzer,2050,2,21,24,-0.0
793,HR_electrolyzer,2050,3,1,4,0.9425000000000002
794,HR_electrolyzer,2050,3,5,8,0.9425000000000002
795,HR_electrolyzer,2050,3,9,12,0.7216015625000004
796,HR_electrolyzer,2050,3,13,16,0.7216015625000004
797,HR_electrolyzer,2050,3,17,20,0.9425000000000002
798,HR_electrolyzer,2050,3,21,24,0.9425000000000002
799,HR_electrolyzer,2050,4,1,4,0.7475000000000003
800,HR_electrolyzer,2050,4,5,8,0.7475000000000003
801,HR_electrolyzer,2050,4,9,12,-0.0
802,HR_electrolyzer,2050,4,13,16,-0.0
803,HR_electrolyzer,2050,4,17,20,0.7475000000000003
804,HR_electrolyzer,2050,4,21,24,0.7475000000000003
805,HR_electrolyzer,2050,5,1,4,1.6575000000000002
806,HR_electrolyzer,2050,5,5,8,1.6575000000000002
807,HR_electrolyzer,2050,5,9,12,-0.0
808,HR_electrolyzer,2050,5,13,16,-0.0
809,HR_electrolyzer,2050,5,17,20,1.6575000000000004
810,HR_electrolyzer,2050,5,21,24,1.6575000000000002
811,HR_electrolyzer,2050,6,1,4,0.25407065633443693
812,HR_electrolyzer,2050,6,5,8,0.25407065633443693
813,HR_electrolyzer,2050,6,9,12,-0.0
814,HR_electrolyzer,2050,6,13,16,-0.0
815,HR_electrolyzer,2050,6,17,20,0.09876176470588237
816,HR_electrolyzer,2050,6,21,24,0.25407065633443693
817,HR_electrolyzer,2050,7,1,4,1.2025000000000001
818,HR_electrolyzer,2050,7,5,8,1.2025000000000001
819,HR_electrolyzer,2050,7,9,12,-0.0
820,HR_electrolyzer,2050,7,13,16,-0.0
821,HR_electrolyzer,2050,7,17,20,1.2025000000000001
822,HR_electrolyzer,2050,7,21,24,1.2025000000000001
823,HR_electrolyzer,2050,8,1,4,1.0075000000000003
824,HR_electrolyzer,2050,8,5,8,0.7713671875000001
825,HR_electrolyzer,2050,8,9,12,-0.0
826,HR_electrolyzer,2050,8,13,16,-0.0
827,HR_electrolyzer,2050,8,17,20,0.5905780029296877
828,HR_electrolyzer,2050,8,21,24,1.0075000000000003
829,HR_electrolyzer,2050,9,1,4,1.3975
830,HR_electrolyzer,2050,9,5,8,1.3975
831,HR_electrolyzer,2050,9,9,12,-0.0
832,HR_electrolyzer,2050,9,13,16,-0.0
833,HR_electrolyzer,2050,9,17,20,1.3975
834,HR_electrolyzer,2050,9,21,24,1.3975
835,HR_electrolyzer,2050,10,1,4,1.495
836,HR_electrolyzer,2050,10,5,8,1.495
837,HR_electrolyzer,2050,10,9,12,1.1446093750000004
838,HR_electrolyzer,2050,10,13,16,0.529
839,HR_electrolyzer,2050,10,17,20,1.495
840,HR_electrolyzer,2050,10,21,24,1.4950000000000003
841,HU_electrolyzer,2050,1,1,4,1.7225000000000004
842,HU_electrolyzer,2050,1,5,8,1.7225000000000004
843,HU_electrolyzer,2050,1,9,12,-0.0
844,HU_electrolyzer,2050,1,13,16,-0.0
845,HU_electrolyzer,2050,1,17,20,1.7225000000000004
846,HU_electrolyzer,2050,1,21,24,1.7225000000000004
847,HU_electrolyzer,2050,2,1,4,1.0724999999999998
848,HU_electrolyzer,2050,2,5,8,0.8211328125000004
849,HU_electrolyzer,2050,2,9,12,-0.0
850,HU_electrolyzer,2050,2,13,16,-0.0
851,HU_electrolyzer,2050,2,17,20,1.0725
852,HU_electrolyzer,2050,2,21,24,1.0725000000000005
853,HU_electrolyzer,2050,3,1,4,0.9425000000000002
854,HU_electrolyzer,2050,3,5,8,0.9425000000000002
855,HU_electrolyzer,2050,3,9,12,0.8595835625000002
856,HU_electrolyzer,2050,3,13,16,0.9425000000000002
857,HU_electrolyzer,2050,3,17,20,0.9425000000000002
858,HU_electrolyzer,2050,3,21,24,0.9425000000000002
859,HU_electrolyzer,2050,4,1,4,0.7475000000000002
860,HU_electrolyzer,2050,4,5,8,0.7475000000000002
861,HU_electrolyzer,2050,4,9,12,0.7475000000000003
862,HU_electrolyzer,2050,4,13,16,0.6817386875000001
863,HU_electrolyzer,2050,4,17,20,0.7475000000000002
864,HU_electrolyzer,2050,4,21,24,0.7475000000000002
865,HU_electrolyzer,2050,5,1,4,1.6900000000000002
866,HU_electrolyzer,2050,5,5,8,1.6900000000000002
867,HU_electrolyzer,2050,5,9,12,0.7810612244897945
868,HU_electrolyzer,2050,5,13,16,0.7810612244897945
869,HU_electrolyzer,2050,5,17,20,1.6900000000000002
870,HU_electrolyzer,2050,5,21,24,1.6900000000000002
871,HU_electrolyzer,2050,6,1,4,0.5850000000000002
872,HU_electrolyzer,2050,6,5,8,0.5850000000000002
873,HU_electrolyzer,2050,6,9,12,-0.0
874,HU_electrolyzer,2050,6,13,16,-0.0
875,HU_electrolyzer,2050,6,17,20,0.5850000000000001
876,HU_electrolyzer,2050,6,21,24,0.5850000000000001
877,HU_electrolyzer,2050,7,1,4,1.2025000000000001
878,HU_electrolyzer,2050,7,5,8,1.2025000000000001
879,HU_electrolyzer,2050,7,9,12,-0.0
880,HU_electrolyzer,2050,7,13,16,-0.0
881,HU_electrolyzer,2050,7,17,20,1.2025000000000001
882,HU_electrolyzer,2050,7,21,24,1.2025000000000001
883,HU_electrolyzer,2050,8,1,4,1.0075
884,HU_electrolyzer,2050,8,5,8,0.7713671875000001
885,HU_electrolyzer,2050,8,9,12,-0.0
886,HU_electrolyzer,2050,8,13,16,-0.0
887,HU_electrolyzer,2050,8,17,20,1.0075
888,HU_electrolyzer,2050,8,21,24,1.0075
889,HU_electrolyzer,2050,9,1,4,1.3975
890,HU_electrolyzer,2050,9,5,8,1.3975
891,HU_electrolyzer,2050,9,9,12,-0.0
892,HU_electrolyzer,2050,9,13,16,-0.0
893,HU_electrolyzer,2050,9,17,20,1.3975
894,HU_electrolyzer,2050,9,21,24,1.3975
895,HU_electrolyzer,2050,10,1,4,1.495
896,HU_electrolyzer,2050,10,5,8,1.495
897,HU_electrolyzer,2050,10,9,12,1.4950000000000003
898,HU_electrolyzer,2050,10,13,16,1.4950000000000003
899,HU_electrolyzer,2050,10,17,20,1.495
900,HU_electrolyzer,2050,10,21,24,1.4950000000000003
901,IE_electrolyzer,2050,1,1,4,-0.0
902,IE_electrolyzer,2050,1,5,8,-0.0
903,IE_electrolyzer,2050,1,9,12,-0.0
904,IE_electrolyzer,2050,1,13,16,-0.0
905,IE_electrolyzer,2050,1,17,20,-0.0
906,IE_electrolyzer,2050,1,21,24,-0.0
907,IE_electrolyzer,2050,2,1,4,-0.0
908,IE_electrolyzer,2050,2,5,8,-0.0
909,IE_electrolyzer,2050,2,9,12,-0.0
910,IE_electrolyzer,2050,2,13,16,-0.0
911,IE_electrolyzer,2050,2,17,20,-0.0
912,IE_electrolyzer,2050,2,21,24,-0.0
913,IE_electrolyzer,2050,3,1,4,-0.0
914,IE_electrolyzer,2050,3,5,8,-0.0
915,IE_electrolyzer,2050,3,9,12,-0.0
916,IE_electrolyzer,2050,3,13,16,-0.0
917,IE_electrolyzer,2050,3,17,20,-0.0
918,IE_electrolyzer,2050,3,21,24,-0.0
919,IE_electrolyzer,2050,4,1,4,-0.0
920,IE_electrolyzer,2050,4,5,8,-0.0
921,IE_electrolyzer,2050,4,9,12,-0.0
922,IE_electrolyzer,2050,4,13,16,-0.0
923,IE_electrolyzer,2050,4,17,20,-0.0
924,IE_electrolyzer,2050,4,21,24,-0.0
925,IE_electrolyzer,2050,5,1,4,-0.0
926,IE_electrolyzer,2050,5,5,8,-0.0
927,IE_electrolyzer,2050,5,9,12,-0.0
928,IE_electrolyzer,2050,5,13,16,-0.0
929,IE_electrolyzer,2050,5,17,20,-0.0
930,IE_electrolyzer,2050,5,21,24,-0.0
931,IE_electrolyzer,2050,6,1,4,-0.0
932,IE_electrolyzer,2050,6,5,8,-0.0
933,IE_electrolyzer,2050,6,9,12,-0.0
934,IE_electrolyzer,2050,6,13,16,-0.0
935,IE_electrolyzer,2050,6,17,20,-0.0
936,IE_electrolyzer,2050,6,21,24,-0.0
937,IE_electrolyzer,2050,7,1,4,-0.0
938,IE_electrolyzer,2050,7,5,8,-0.0
939,IE_electrolyzer,2050,7,9,12,-0.0
940,IE_electrolyzer,2050,7,13,16,-0.0
941,IE_electrolyzer,2050,7,17,20,-0.0
942,IE_electrolyzer,2050,7,21,24,-0.0
943,IE_electrolyzer,2050,8,1,4,-0.0
944,IE_electrolyzer,2050,8,5,8,-0.0
945,IE_electrolyzer,2050,8,9,12,-0.0
946,IE_electrolyzer,2050,8,13,16,-0.0
947,IE_electrolyzer,2050,8,17,20,-0.0
948,IE_electrolyzer,2050,8,21,24,-0.0
949,IE_electrolyzer,2050,9,1,4,-0.0
950,IE_electrolyzer,2050,9,5,8,-0.0
951,IE_electrolyzer,2050,9,9,12,-0.0
952,IE_electrolyzer,2050,9,13,16,-0.0
953,IE_electrolyzer,2050,9,17,20,-0.0
954,IE_electrolyzer,2050,9,21,24,-0.0
955,IE_electrolyzer,2050,10,1,4,-0.0
956,IE_electrolyzer,2050,10,5,8,-0.0
957,IE_electrolyzer,2050,10,9,12,-0.0
958,IE_electrolyzer,2050,10,13,16,-0.0
959,IE_electrolyzer,2050,10,17,20,-0.0
960,IE_electrolyzer,2050,10,21,24,-0.0
961,IT_electrolyzer,2050,1,1,4,1.7225000000000004
962,IT_electrolyzer,2050,1,5,8,1.7224999999999997
963,IT_electrolyzer,2050,1,9,12,-0.0
964,IT_electrolyzer,2050,1,13,16,-0.0
965,IT_electrolyzer,2050,1,17,20,1.7225000000000001
966,IT_electrolyzer,2050,1,21,24,1.7225000000000001
967,IT_electrolyzer,2050,2,1,4,1.0725000000000002
968,IT_electrolyzer,2050,2,5,8,1.0725000000000002
969,IT_electrolyzer,2050,2,9,12,-0.0
970,IT_electrolyzer,2050,2,13,16,-0.0
971,IT_electrolyzer,2050,2,17,20,1.0725000000000002
972,IT_electrolyzer,2050,2,21,24,1.0725000000000002
973,IT_electrolyzer,2050,3,1,4,0.9425000000000002
974,IT_electrolyzer,2050,3,5,8,0.9425000000000001
975,IT_electrolyzer,2050,3,9,12,0.7216015625000002
976,IT_electrolyzer,2050,3,13,16,0.7216015625000003
977,IT_electrolyzer,2050,3,17,20,0.9425
978,IT_electrolyzer,2050,3,21,24,0.9425000000000001
979,IT_electrolyzer,2050,4,1,4,0.7475000000000002
980,IT_electrolyzer,2050,4,5,8,0.7475000000000002
981,IT_electrolyzer,2050,4,9,12,-0.0
982,IT_electrolyzer,2050,4,13,16,-0.0
983,IT_electrolyzer,2050,4,17,20,0.7475000000000002
984,IT_electrolyzer,2050,4,21,24,0.7475000000000002
985,IT_electrolyzer,2050,5,1,4,1.6575000000000002
986,IT_electrolyzer,2050,5,5,8,1.6575000000000002
987,IT_electrolyzer,2050,5,9,12,-0.0
988,IT_electrolyzer,2050,5,13,16,-0.0
989,IT_electrolyzer,2050,5,17,20,1.6575000000000002
990,IT_electrolyzer,2050,5,21,24,1.6575000000000002
991,IT_electrolyzer,2050,6,1,4,0.25407065633443693
992,IT_electrolyzer,2050,6,5,8,0.25407065633443693
993,IT_electrolyzer,2050,6,9,12,-0.0
994,IT_electrolyzer,2050,6,13,16,-0.0
995,IT_electrolyzer,2050,6,17,20,0.09876176470588237
996,IT_electrolyzer,2050,6,21,24,0.25407065633443693
997,IT_electrolyzer,2050,7,1,4,1.2025000000000001
998,IT_electrolyzer,2050,7,5,8,1.2025000000000001
999,IT_electrolyzer,2050,7,9,12,-0.0
1000,IT_electrolyzer,2050,7,13,16,-0.0
1001,IT_electrolyzer,2050,7,17,20,1.2025000000000001
1002,IT_electrolyzer,2050,7,21,24,1.2025000000000001
1003,IT_electrolyzer,2050,8,1,4,1.0075000000000003
1004,IT_electrolyzer,2050,8,5,8,1.0075000000000003
1005,IT_electrolyzer,2050,8,9,12,-0.0
1006,IT_electrolyzer,2050,8,13,16,-0.0
1007,IT_electrolyzer,2050,8,17,20,0.7713671875000002
1008,IT_electrolyzer,2050,8,21,24,1.0075000000000003
1009,IT_electrolyzer,2050,9,1,4,1.3975
1010,IT_electrolyzer,2050,9,5,8,1.3975
1011,IT_electrolyzer,2050,9,9,12,-0.0
1012,IT_electrolyzer,2050,9,13,16,-0.0
1013,IT_electrolyzer,2050,9,17,20,1.3975
1014,IT_electrolyzer,2050,9,21,24,1.3975
1015,IT_electrolyzer,2050,10,1,4,1.495
1016,IT_electrolyzer,2050,10,5,8,1.495
1017,IT_electrolyzer,2050,10,9,12,1.1446093750000004
1018,IT_electrolyzer,2050,10,13,16,1.1446093750000004
1019,IT_electrolyzer,2050,10,17,20,1.495
1020,IT_electrolyzer,2050,10,21,24,1.4949999999999999
1021,LT_electrolyzer,2050,1,1,4,-0.0
1022,LT_electrolyzer,2050,1,5,8,-0.0
1023,LT_electrolyzer,2050,1,9,12,-0.0
1024,LT_electrolyzer,2050,1,13,16,-0.0
1025,LT_electrolyzer,2050,1,17,20,-0.0
1026,LT_electrolyzer,2050,1,21,24,-0.0
1027,LT_electrolyzer,2050,2,1,4,-0.0
1028,LT_electrolyzer,2050,2,5,8,-0.0
1029,LT_electrolyzer,2050,2,9,12,-0.0
1030,LT_electrolyzer,2050,2,13,16,-0.0
1031,LT_electrolyzer,2050,2,17,20,-0.0
1032,LT_electrolyzer,2050,2,21,24,-0.0
1033,LT_electrolyzer,2050,3,1,4,-0.0
1034,LT_electrolyzer,2050,3,5,8,-0.0
1035,LT_electrolyzer,2050,3,9,12,-0.0
1036,LT_electrolyzer,2050,3,13,16,-0.0
1037,LT_electrolyzer,2050,3,17,20,-0.0
1038,LT_electrolyzer,2050,3,21,24,-0.0
1039,LT_electrolyzer,2050,4,1,4,-0.0
1040,LT_electrolyzer,2050,4,5,8,-0.0
1041,LT_electrolyzer,2050,4,9,12,-0.0
1042,LT_electrolyzer,2050,4,13,16,-0.0
1043,LT_electrolyzer,2050,4,17,20,-0.0
1044,LT_electrolyzer,2050,4,21,24,-0.0
1045,LT_electrolyzer,2050,5,1,4,-0.0
1046,LT_electrolyzer,2050,5,5,8,-0.0
1047,LT_electrolyzer,2050,5,9,12,-0.0
1048,LT_electrolyzer,2050,5,13,16,-0.0
1049,LT_electrolyzer,2050,5,17,20,-0.0
1050,LT_electrolyzer,2050,5,21,24,-0.0
1051,LT_electrolyzer,2050,6,1,4,-0.0
1052,LT_electrolyzer,2050,6,5,8,-0.0
1053,LT_electrolyzer,2050,6,9,12,-0.0
1054,LT_electrolyzer,2050,6,13,16,-0.0
1055,LT_electrolyzer,2050,6,17,20,-0.0
1056,LT_electrolyzer,2050,6,21,24,-0.0
1057,LT_electrolyzer,2050,7,1,4,-0.0
1058,LT_electrolyzer,2050,7,5,8,-0.0
1059,LT_electrolyzer,2050,7,9,12,-0.0
1060,LT_electrolyzer,2050,7,13,16,-0.0
1061,LT_electrolyzer,2050,7,17,20,-0.0
1062,LT_electrolyzer,2050,7,21,24,-0.0
1063,LT_electrolyzer,2050,8,1,4,-0.0
1064,LT_electrolyzer,2050,8,5,8,-0.0
1065,LT_electrolyzer,2050,8,9,12,-0.0
1066,LT_electrolyzer,2050,8,13,16,-0.0
1067,LT_electrolyzer,2050,8,17,20,-0.0
1068,LT_electrolyzer,2050,8,21,24,-0.0
1069,LT_electrolyzer,2050,9,1,4,-0.0
1070,LT_electrolyzer,2050,9,5,8,-0.0
1071,LT_electrolyzer,2050,9,9,12,-0.0
1072,LT_electrolyzer,2050,9,13,16,-0.0
1073,LT_electrolyzer,2050,9,17,20,-0.0
1074,LT_electrolyzer,2050,9,21,24,-0.0
1075,LT_electrolyzer,2050,10,1,4,-0.0
1076,LT_electrolyzer,2050,10,5,8,0.529
1077,LT_electrolyzer,2050,10,9,12,0.5290000000000001
1078,LT_electrolyzer,2050,10,13,16,0.529
1079,LT_electrolyzer,2050,10,17,20,0.529
1080,LT_electrolyzer,2050,10,21,24,-0.0
1081,LU_electrolyzer,2050,1,1,4,1.7225000000000004
1082,LU_electrolyzer,2050,1,5,8,53.0
1083,LU_electrolyzer,2050,1,9,12,53.0
1084,LU_electrolyzer,2050,1,13,16,52.99999999999997
1085,LU_electrolyzer,2050,1,17,20,52.99999999999996
1086,LU_electrolyzer,2050,1,21,24,-0.0
1087,LU_electrolyzer,2050,2,1,4,-0.0
1088,LU_electrolyzer,2050,2,5,8,-0.0
1089,LU_electrolyzer,2050,2,9,12,-0.0
1090,LU_electrolyzer,2050,2,13,16,-0.0
1091,LU_electrolyzer,2050,2,17,20,-0.0
1092,LU_electrolyzer,2050,2,21,24,-0.0
1093,LU_electrolyzer,2050,3,1,4,-0.0
1094,LU_electrolyzer,2050,3,5,8,-0.0
1095,LU_electrolyzer,2050,3,9,12,-0.0
1096,LU_electrolyzer,2050,3,13,16,-0.0
1097,LU_electrolyzer,2050,3,17,20,-0.0
1098,LU_electrolyzer,2050,3,21,24,-0.0
1099,LU_electrolyzer,2050,4,1,4,-0.0
1100,LU_electrolyzer,2050,4,5,8,-0.0
1101,LU_electrolyzer,2050,4,9,12,-0.0
1102,LU_electrolyzer,2050,4,13,16,-0.0
1103,LU_electrolyzer,2050,4,17,20,-0.0
1104,LU_electrolyzer,2050,4,21,24,-0.0
1105,LU_electrolyzer,2050,5,1,4,-0.0
1106,LU_electrolyzer,2050,5,5,8,-0.0
1107,LU_electrolyzer,2050,5,9,12,-0.0
1108,LU_electrolyzer,2050,5,13,16,-0.0
1109,LU_electrolyzer,2050,5,17,20,-0.0
1110,LU_electrolyzer,2050,5,21,24,-0.0
1111,LU_electrolyzer,2050,6,1,4,0.09876176470588238
1112,LU_electrolyzer,2050,6,5,8,0.5850000000000001
1113,LU_electrolyzer,2050,6,9,12,0.5850000000000001
1114,LU_electrolyzer,2050,6,13,16,-0.0
1115,LU_electrolyzer,2050,6,17,20,0.09876176470588237
1116,LU_electrolyzer,2050,6,21,24,0.1082884402356102
1117,LU_electrolyzer,2050,7,1,4,1.2025000000000001
1118,LU_electrolyzer,2050,7,5,8,4.798363977995063
1119,LU_electrolyzer,2050,7,9,12,6.871797275331778
1120,LU_electrolyzer,2050,7,13,16,6.267250910034464
1121,LU_electrolyzer,2050,7,17,20,37.0
1122,LU_electrolyzer,2050,7,21,24,1.2025000000000001
1123,LU_electrolyzer,2050,8,1,4,-0.0
1124,LU_electrolyzer,2050,8,5,8,-0.0
1125,LU_electrolyzer,2050,8,9,12,-0.0
1126,LU_electrolyzer,2050,8,13,16,-0.0
1127,LU_electrolyzer,2050,8,17,20,-0.0
1128,LU_electrolyzer,2050,8,21,24,-0.0
1129,LU_electrolyzer,2050,9,1,4,-0.0
1130,LU_electrolyzer,2050,9,5,8,-0.0
1131,LU_electrolyzer,2050,9,9,12,-0.0
1132,LU_electrolyzer,2050,9,13,16,-0.0
1133,LU_electrolyzer,2050,9,17,20,-0.0
1134,LU_electrolyzer,2050,9,21,24,-0.0
1135,LU_electrolyzer,2050,10,1,4,46.0
1136,LU_electrolyzer,2050,10,5,8,902.8005178325429
1137,LU_electrolyzer,2050,10,9,12,902.8005178325427
1138,LU_electrolyzer,2050,10,13,16,902.8005178325427
1139,LU_electrolyzer,2050,10,17,20,902.8005178325427
1140,LU_electrolyzer,2050,10,21,24,1.4950000000000003
1141,LV_electrolyzer,2050,1,1,4,-0.0
1142,LV_electrolyzer,2050,1,5,8,-0.0
1143,LV_electrolyzer,2050,1,9,12,-0.0
1144,LV_electrolyzer,2050,1,13,16,-0.0
1145,LV_electrolyzer,2050,1,17,20,-0.0
1146,LV_electrolyzer,2050,1,21,24,-0.0
1147,LV_electrolyzer,2050,2,1,4,-0.0
1148,LV_electrolyzer,2050,2,5,8,-0.0
1149,LV_electrolyzer,2050,2,9,12,-0.0
1150,LV_electrolyzer,2050,2,13,16,-0.0
1151,LV_electrolyzer,2050,2,17,20,-0.0
1152,LV_electrolyzer,2050,2,21,24,-0.0
1153,LV_electrolyzer,2050,3,1,4,-0.0
1154,LV_electrolyzer,2050,3,5,8,-0.0
1155,LV_electrolyzer,2050,3,9,12,-0.0
1156,LV_electrolyzer,2050,3,13,16,-0.0
1157,LV_electrolyzer,2050,3,17,20,-0.0
1158,LV_electrolyzer,2050,3,21,24,-0.0
1159,LV_electrolyzer,2050,4,1,4,-0.0
1160,LV_electrolyzer,2050,4,5,8,-0.0
1161,LV_electrolyzer,2050,4,9,12,-0.0
1162,LV_electrolyzer,2050,4,13,16,-0.0
1163,LV_electrolyzer,2050,4,17,20,-0.0
1164,LV_electrolyzer,2050,4,21,24,-0.0
1165,LV_electrolyzer,2050,5,1,4,-0.0
1166,LV_electrolyzer,2050,5,5,8,-0.0
1167,LV_electrolyzer,2050,5,9,12,-0.0
1168,LV_electrolyzer,2050,5,13,16,-0.0
1169,LV_electrolyzer,2050,5,17,20,-0.0
1170,LV_electrolyzer,2050,5,21,24,-0.0
1171,LV_electrolyzer,2050,6,1,4,-0.0
1172,LV_electrolyzer,2050,6,5,8,-0.0
1173,LV_electrolyzer,2050,6,9,12,-0.0
1174,LV_electrolyzer,2050,6,13,16,-0.0
1175,LV_electrolyzer,2050,6,17,20,-0.0
1176,LV_electrolyzer,2050,6,21,24,-0.0
1177,LV_electrolyzer,2050,7,1,4,-0.0
1178,LV_electrolyzer,2050,7,5,8,-0.0
1179,LV_electrolyzer,2050,7,9,12,-0.0
1180,LV_electrolyzer,2050,7,13,16,-0.0
1181,LV_electrolyzer,2050,7,17,20,-0.0
1182,LV_electrolyzer,2050,7,21,24,-0.0
1183,LV_electrolyzer,2050,8,1,4,-0.0
1184,LV_electrolyzer,2050,8,5,8,-0.0
1185,LV_electrolyzer,2050,8,9,12,-0.0
1186,LV_electrolyzer,2050,8,13,16,-0.0
1187,LV_electrolyzer,2050,8,17,20,-0.0
1188,LV_electrolyzer,2050,8,21,24,-0.0
1189,LV_electrolyzer,2050,9,1,4,-0.0
1190,LV_electrolyzer,2050,9,5,8,-0.0
1191,LV_electrolyzer,2050,9,9,12,-0.0
1192,LV_electrolyzer,2050,9,13,16,-0.0
1193,LV_electrolyzer,2050,9,17,20,-0.0
1194,LV_electrolyzer,2050,9,21,24,-0.0
1195,LV_electrolyzer,2050,10,1,4,-0.0
1196,LV_electrolyzer,2050,10,5,8,-0.0
1197,LV_electrolyzer,2050,10,9,12,-0.0
1198,LV_electrolyzer,2050,10,13,16,-0.0
1199,LV_electrolyzer,2050,10,17,20,-0.0
1200,LV_electrolyzer,2050,10,21,24,-0.0
1201,MT_electrolyzer,2050,1,1,4,4.232504263
1202,MT_electrolyzer,2050,1,5,8,1.7224999999999997
1203,MT_electrolyzer,2050,1,9,12,1.7225000000000004
1204,MT_electrolyzer,2050,1,13,16,1.7225000000000004
1205,MT_electrolyzer,2050,1,17,20,4.232504263
1206,MT_electrolyzer,2050,1,21,24,4.232504263
1207,MT_electrolyzer,2050,2,1,4,1.0725000000000002
1208,MT_electrolyzer,2050,2,5,8,1.0725000000000002
1209,MT_electrolyzer,2050,2,9,12,1.0725000000000002
1210,MT_electrolyzer,2050,2,13,16,1.0725000000000002
1211,MT_electrolyzer,2050,2,17,20,1.0725000000000002
1212,MT_electrolyzer,2050,2,21,24,1.0725000000000002
1213,MT_electrolyzer,2050,3,1,4,0.9425000000000002
1214,MT_electrolyzer,2050,3,5,8,0.9425000000000001
1215,MT_electrolyzer,2050,3,9,12,0.9425000000000002
1216,MT_electrolyzer,2050,3,13,16,0.9425000000000002
1217,MT_electrolyzer,2050,3,17,20,0.9425
1218,MT_electrolyzer,2050,3,21,24,0.9425000000000001
1219,MT_electrolyzer,2050,4,1,4,0.7475000000000002
1220,MT_electrolyzer,2050,4,5,8,0.7475000000000002
1221,MT_electrolyzer,2050,4,9,12,0.7475000000000002
1222,MT_electrolyzer,2050,4,13,16,0.7475000000000002
1223,MT_electrolyzer,2050,4,17,20,1.836747133
1224,MT_electrolyzer,2050,4,21,24,0.7475000000000002
1225,MT_electrolyzer,2050,5,1,4,52.0
1226,MT_electrolyzer,2050,5,5,8,1.6900000000000002
1227,MT_electrolyzer,2050,5,9,12,1.6900000000000002
1228,MT_electrolyzer,2050,5,13,16,1.6900000000000002
1229,MT_electrolyzer,2050,5,17,20,1.6900000000000002
1230,MT_electrolyzer,2050,5,21,24,1.6900000000000002
1231,MT_electrolyzer,2050,6,1,4,0.5850000000000001
1232,MT_electrolyzer,2050,6,5,8,0.5850000000000001
1233,MT_electrolyzer,2050,6,9,12,-0.0
1234,MT_electrolyzer,2050,6,13,16,-0.0
1235,MT_electrolyzer,2050,6,17,20,0.5850000000000001
1236,MT_electrolyzer,2050,6,21,24,0.5850000000000001
1237,MT_electrolyzer,2050,7,1,4,1.2025000000000001
1238,MT_electrolyzer,2050,7,5,8,1.2025000000000001
1239,MT_electrolyzer,2050,7,9,12,1.2025000000000001
1240,MT_electrolyzer,2050,7,13,16,1.2025000000000001
1241,MT_electrolyzer,2050,7,17,20,1.2025000000000001
1242,MT_electrolyzer,2050,7,21,24,1.2025000000000001
1243,MT_electrolyzer,2050,8,1,4,1.0075
1244,MT_electrolyzer,2050,8,5,8,1.0075
1245,MT_electrolyzer,2050,8,9,12,1.0075
1246,MT_electrolyzer,2050,8,13,16,-0.0
1247,MT_electrolyzer,2050,8,17,20,1.0075
1248,MT_electrolyzer,2050,8,21,24,1.0075
1249,MT_electrolyzer,2050,9,1,4,3.4339185530000003
1250,MT_electrolyzer,2050,9,5,8,1.3975
1251,MT_electrolyzer,2050,9,9,12,43.0
1252,MT_electrolyzer,2050,9,13,16,1.3975
1253,MT_electrolyzer,2050,9,17,20,3.4339185530000003
1254,MT_electrolyzer,2050,9,21,24,3.4339185530000003
1255,MT_electrolyzer,2050,10,1,4,1.495
1256,MT_electrolyzer,2050,10,5,8,46.0
1257,MT_electrolyzer,2050,10,9,12,1.4950000000000003
1258,MT_electrolyzer,2050,10,13,16,1.4950000000000003
1259,MT_electrolyzer,2050,10,17,20,1.495
1260,MT_electrolyzer,2050,10,21,24,1.4949999999999999
1261,NL_electrolyzer,2050,1,1,4,1.7225000000000004
1262,NL_electrolyzer,2050,1,5,8,53.0
1263,NL_electrolyzer,2050,1,9,12,53.0
1264,NL_electrolyzer,2050,1,13,16,-0.0
1265,NL_electrolyzer,2050,1,17,20,1.7225000000000004
1266,NL_electrolyzer,2050,1,21,24,-0.0
1267,NL_electrolyzer,2050,2,1,4,-0.0
1268,NL_electrolyzer,2050,2,5,8,-0.0
1269,NL_electrolyzer,2050,2,9,12,-0.0
1270,NL_electrolyzer,2050,2,13,16,-0.0
1271,NL_electrolyzer,2050,2,17,20,-0.0
1272,NL_electrolyzer,2050,2,21,24,-0.0
1273,NL_electrolyzer,2050,3,1,4,-0.0
1274,NL_electrolyzer,2050,3,5,8,-0.0
1275,NL_electrolyzer,2050,3,9,12,-0.0
1276,NL_electrolyzer,2050,3,13,16,-0.0
1277,NL_electrolyzer,2050,3,17,20,-0.0
1278,NL_electrolyzer,2050,3,21,24,-0.0
1279,NL_electrolyzer,2050,4,1,4,-0.0
1280,NL_electrolyzer,2050,4,5,8,-0.0
1281,NL_electrolyzer,2050,4,9,12,-0.0
1282,NL_electrolyzer,2050,4,13,16,-0.0
1283,NL_electrolyzer,2050,4,17,20,-0.0
1284,NL_electrolyzer,2050,4,21,24,-0.0
1285,NL_electrolyzer,2050,5,1,4,-0.0
1286,NL_electrolyzer,2050,5,5,8,-0.0
1287,NL_electrolyzer,2050,5,9,12,-0.0
1288,NL_electrolyzer,2050,5,13,16,-0.0
1289,NL_electrolyzer,2050,5,17,20,-0.0
1290,NL_electrolyzer,2050,5,21,24,-0.0
1291,NL_electrolyzer,2050,6,1,4,0.5850000000000001
1292,NL_electrolyzer,2050,6,5,8,18.0
1293,NL_electrolyzer,2050,6,9,12,0.5850000000000001
1294,NL_electrolyzer,2050,6,13,16,-0.0
1295,NL_electrolyzer,2050,6,17,20,-0.0
1296,NL_electrolyzer,2050,6,21,24,0.6414297853677258
1297,NL_electrolyzer,2050,7,1,4,1.2025000000000001
1298,NL_electrolyzer,2050,7,5,8,37.0
1299,NL_electrolyzer,2050,7,9,12,37.0
1300,NL_electrolyzer,2050,7,13,16,6.267250910034464
1301,NL_electrolyzer,2050,7,17,20,37.0
1302,NL_electrolyzer,2050,7,21,24,1.2025000000000001
1303,NL_electrolyzer,2050,8,1,4,-0.0
1304,NL_electrolyzer,2050,8,5,8,-0.0
1305,NL_electrolyzer,2050,8,9,12,-0.0
1306,NL_electrolyzer,2050,8,13,16,-0.0
1307,NL_electrolyzer,2050,8,17,20,-0.0
1308,NL_electrolyzer,2050,8,21,24,-0.0
1309,NL_electrolyzer,2050,9,1,4,-0.0
1310,NL_electrolyzer,2050,9,5,8,-0.0
1311,NL_electrolyzer,2050,9,9,12,-0.0
1312,NL_electrolyzer,2050,9,13,16,-0.0
1313,NL_electrolyzer,2050,9,17,20,-0.0
1314,NL_electrolyzer,2050,9,21,24,-0.0
1315,NL_electrolyzer,2050,10,1,4,46.0
1316,NL_electrolyzer,2050,10,5,8,46.0
1317,NL_electrolyzer,2050,10,9,12,46.0
1318,NL_electrolyzer,2050,10,13,16,46.0
1319,NL_electrolyzer,2050,10,17,20,1179.1680232914844
1320,NL_electrolyzer,2050,10,21,24,1.4950000000000003
1321,NO_electrolyzer,2050,1,1,4,-0.0
1322,NO_electrolyzer,2050,1,5,8,-0.0
1323,NO_electrolyzer,2050,1,9,12,-0.0
1324,NO_electrolyzer,2050,1,13,16,-0.0
1325,NO_electrolyzer,2050,1,17,20,-0.0
1326,NO_electrolyzer,2050,1,21,24,-0.0
1327,NO_electrolyzer,2050,2,1,4,-0.0
1328,NO_electrolyzer,2050,2,5,8,-0.0
1329,NO_electrolyzer,2050,2,9,12,-0.0
1330,NO_electrolyzer,2050,2,13,16,-0.0
1331,NO_electrolyzer,2050,2,17,20,-0.0
1332,NO_electrolyzer,2050,2,21,24,-0.0
1333,NO_electrolyzer,2050,3,1,4,-0.0
1334,NO_electrolyzer,2050,3,5,8,-0.0
1335,NO_electrolyzer,2050,3,9,12,-0.0
1336,NO_electrolyzer,2050,3,13,16,-0.0
1337,NO_electrolyzer,2050,3,17,20,-0.0
1338,NO_electrolyzer,2050,3,21,24,-0.0
1339,NO_electrolyzer,2050,4,1,4,-0.0
1340,NO_electrolyzer,2050,4,5,8,-0.0
1341,NO_electrolyzer,2050,4,9,12,-0.0
1342,NO_electrolyzer,2050,4,13,16,-0.0
1343,NO_electrolyzer,2050,4,17,20,-0.0
1344,NO_electrolyzer,2050,4,21,24,-0.0
1345,NO_electrolyzer,2050,5,1,4,-0.0
1346,NO_electrolyzer,2050,5,5,8,-0.0
1347,NO_electrolyzer,2050,5,9,12,-0.0
1348,NO_electrolyzer,2050,5,13,16,-0.0
1349,NO_electrolyzer,2050,5,17,20,-0.0
1350,NO_electrolyzer,2050,5,21,24,-0.0
1351,NO_electrolyzer,2050,6,1,4,-0.0
1352,NO_electrolyzer,2050,6,5,8,-0.0
1353,NO_electrolyzer,2050,6,9,12,-0.0
1354,NO_electrolyzer,2050,6,13,16,-0.0
1355,NO_electrolyzer,2050,6,17,20,-0.0
1356,NO_electrolyzer,2050,6,21,24,-0.0
1357,NO_electrolyzer,2050,7,1,4,-0.0
1358,NO_electrolyzer,2050,7,5,8,-0.0
1359,NO_electrolyzer,2050,7,9,12,-0.0
1360,NO_electrolyzer,2050,7,13,16,-0.0
1361,NO_electrolyzer,2050,7,17,20,-0.0
1362,NO_electrolyzer,2050,7,21,24,-0.0
1363,NO_electrolyzer,2050,8,1,4,-0.0
1364,NO_electrolyzer,2050,8,5,8,-0.0
1365,NO_electrolyzer,2050,8,9,12,-0.0
1366,NO_electrolyzer,2050,8,13,16,-0.0
1367,NO_electrolyzer,2050,8,17,20,-0.0
1368,NO_electrolyzer,2050,8,21,24,-0.0
1369,NO_electrolyzer,2050,9,1,4,-0.0
1370,NO_electrolyzer,2050,9,5,8,-0.0
1371,NO_electrolyzer,2050,9,9,12,-0.0
1372,NO_electrolyzer,2050,9,13,16,-0.0
1373,NO_electrolyzer,2050,9,17,20,-0.0
1374,NO_electrolyzer,2050,9,21,24,-0.0
1375,NO_electrolyzer,2050,10,1,4,-0.0
1376,NO_electrolyzer,2050,10,5,8,0.529
1377,NO_electrolyzer,2050,10,9,12,1.4950000000000003
1378,NO_electrolyzer,2050,10,13,16,1.4950000000000003
1379,NO_electrolyzer,2050,10,17,20,1.4950000000000003
1380,NO_electrolyzer,2050,10,21,24,-0.0
1381,OBZLL_electrolyzer,2050,1,1,4,-0.0
1382,OBZLL_electrolyzer,2050,1,5,8,-0.0
1383,OBZLL_electrolyzer,2050,1,9,12,1.7225000000000004
1384,OBZLL_electrolyzer,2050,1,13,16,-0.0
1385,OBZLL_electrolyzer,2050,1,17,20,-0.0
1386,OBZLL_electrolyzer,2050,1,21,24,-0.0
1387,OBZLL_electrolyzer,2050,2,1,4,-0.0
1388,OBZLL_electrolyzer,2050,2,5,8,-0.0
1389,OBZLL_electrolyzer,2050,2,9,12,-0.0
1390,OBZLL_electrolyzer,2050,2,13,16,-0.0
1391,OBZLL_electrolyzer,2050,2,17,20,-0.0
1392,OBZLL_electrolyzer,2050,2,21,24,-0.0
1393,OBZLL_electrolyzer,2050,3,1,4,-0.0
1394,OBZLL_electrolyzer,2050,3,5,8,-0.0
1395,OBZLL_electrolyzer,2050,3,9,12,-0.0
1396,OBZLL_electrolyzer,2050,3,13,16,-0.0
1397,OBZLL_electrolyzer,2050,3,17,20,-0.0
1398,OBZLL_electrolyzer,2050,3,21,24,-0.0
1399,OBZLL_electrolyzer,2050,4,1,4,-0.0
1400,OBZLL_electrolyzer,2050,4,5,8,-0.0
1401,OBZLL_electrolyzer,2050,4,9,12,-0.0
1402,OBZLL_electrolyzer,2050,4,13,16,-0.0
1403,OBZLL_electrolyzer,2050,4,17,20,-0.0
1404,OBZLL_electrolyzer,2050,4,21,24,-0.0
1405,OBZLL_electrolyzer,2050,5,1,4,-0.0
1406,OBZLL_electrolyzer,2050,5,5,8,-0.0
1407,OBZLL_electrolyzer,2050,5,9,12,-0.0
1408,OBZLL_electrolyzer,2050,5,13,16,-0.0
1409,OBZLL_electrolyzer,2050,5,17,20,-0.0
1410,OBZLL_electrolyzer,2050,5,21,24,-0.0
1411,OBZLL_electrolyzer,2050,6,1,4,-0.0
1412,OBZLL_electrolyzer,2050,6,5,8,-0.0
1413,OBZLL_electrolyzer,2050,6,9,12,0.207
1414,OBZLL_electrolyzer,2050,6,13,16,-0.0
1415,OBZLL_electrolyzer,2050,6,17,20,-0.0
1416,OBZLL_electrolyzer,2050,6,21,24,-0.0
1417,OBZLL_electrolyzer,2050,7,1,4,-0.0
1418,OBZLL_electrolyzer,2050,7,5,8,-0.0
1419,OBZLL_electrolyzer,2050,7,9,12,37.0
1420,OBZLL_electrolyzer,2050,7,13,16,6.267250910034464
1421,OBZLL_electrolyzer,2050,7,17,20,37.0
1422,OBZLL_electrolyzer,2050,7,21,24,1.2025000000000001
1423,OBZLL_electrolyzer,2050,8,1,4,-0.0
1424,OBZLL_electrolyzer,2050,8,5,8,-0.0
1425,OBZLL_electrolyzer,2050,8,9,12,-0.0
1426,OBZLL_electrolyzer,2050,8,13,16,-0.0
1427,OBZLL_electrolyzer,2050,8,17,20,-0.0
1428,OBZLL_electrolyzer,2050,8,21,24,-0.0
1429,OBZLL_electrolyzer,2050,9,1,4,-0.0
1430,OBZLL_electrolyzer,2050,9,5,8,-0.0
1431,OBZLL_electrolyzer,2050,9,9,12,-0.0
1432,OBZLL_electrolyzer,2050,9,13,16,-0.0
1433,OBZLL_electrolyzer,2050,9,17,20,-0.0
1434,OBZLL_electrolyzer,2050,9,21,24,-0.0
1435,OBZLL_electrolyzer,2050,10,1,4,-0.0
1436,OBZLL_electrolyzer,2050,10,5,8,-0.0
1437,OBZLL_electrolyzer,2050,10,9,12,46.0
1438,OBZLL_electrolyzer,2050,10,13,16,46.0
1439,OBZLL_electrolyzer,2050,10,17,20,46.0
1440,OBZLL_electrolyzer,2050,10,21,24,-0.0
1441,PL_electrolyzer,2050,1,1,4,1.7225000000000004
1442,PL_electrolyzer,2050,1,5,8,1.7225000000000004
1443,PL_electrolyzer,2050,1,9,12,1.7225000000000004
1444,PL_electrolyzer,2050,1,13,16,1.7225000000000004
1445,PL_electrolyzer,2050,1,17,20,1.7225000000000004
1446,PL_electrolyzer,2050,1,21,24,1.7225000000000004
1447,PL_electrolyzer,2050,2,1,4,1.0724999999999998
1448,PL_electrolyzer,2050,2,5,8,-0.0
1449,PL_electrolyzer,2050,2,9,12,-0.0
1450,PL_electrolyzer,2050,2,13,16,-0.0
1451,PL_electrolyzer,2050,2,17,20,0.3795
1452,PL_electrolyzer,2050,2,21,24,1.0725000000000005
1453,PL_electrolyzer,2050,3,1,4,-0.0
1454,PL_electrolyzer,2050,3,5,8,-0.0
1455,PL_electrolyzer,2050,3,9,12,-0.0
1456,PL_electrolyzer,2050,3,13,16,-0.0
1457,PL_electrolyzer,2050,3,17,20,-0.0
1458,PL_electrolyzer,2050,3,21,24,-0.0
1459,PL_electrolyzer,2050,4,1,4,0.7475000000000002
1460,PL_electrolyzer,2050,4,5,8,0.7475000000000002
1461,PL_electrolyzer,2050,4,9,12,0.7475000000000002
1462,PL_electrolyzer,2050,4,13,16,0.7475000000000002
1463,PL_electrolyzer,2050,4,17,20,0.7475000000000002
1464,PL_electrolyzer,2050,4,21,24,0.7475000000000002
1465,PL_electrolyzer,2050,5,1,4,-0.0
1466,PL_electrolyzer,2050,5,5,8,-0.0
1467,PL_electrolyzer,2050,5,9,12,-0.0
1468,PL_electrolyzer,2050,5,13,16,-0.0
1469,PL_electrolyzer,2050,5,17,20,-0.0
1470,PL_electrolyzer,2050,5,21,24,-0.0
1471,PL_electrolyzer,2050,6,1,4,0.5850000000000001
1472,PL_electrolyzer,2050,6,5,8,0.5850000000000001
1473,PL_electrolyzer,2050,6,9,12,0.5850000000000001
1474,PL_electrolyzer,2050,6,13,16,-0.0
1475,PL_electrolyzer,2050,6,17,20,0.5850000000000001
1476,PL_electrolyzer,2050,6,21,24,0.5850000000000001
1477,PL_electrolyzer,2050,7,1,4,1.2025000000000001
1478,PL_electrolyzer,2050,7,5,8,1.2025000000000001
1479,PL_electrolyzer,2050,7,9,12,0.9206640625000002
1480,PL_electrolyzer,2050,7,13,16,0.4255
1481,PL_electrolyzer,2050,7,17,20,1.2025000000000001
1482,PL_electrolyzer,2050,7,21,24,1.2025000000000001
1483,PL_electrolyzer,2050,8,1,4,1.0075
1484,PL_electrolyzer,2050,8,5,8,0.3565
1485,PL_electrolyzer,2050,8,9,12,-0.0
1486,PL_electrolyzer,2050,8,13,16,-0.0
1487,PL_electrolyzer,2050,8,17,20,1.0075
1488,PL_electrolyzer,2050,8,21,24,1.0075
1489,PL_electrolyzer,2050,9,1,4,-0.0
1490,PL_electrolyzer,2050,9,5,8,-0.0
1491,PL_electrolyzer,2050,9,9,12,-0.0
1492,PL_electrolyzer,2050,9,13,16,-0.0
1493,PL_electrolyzer,2050,9,17,20,-0.0
1494,PL_electrolyzer,2050,9,21,24,0.4945
1495,PL_electrolyzer,2050,10,1,4,1.952653061224489
1496,PL_electrolyzer,2050,10,5,8,1.495
1497,PL_electrolyzer,2050,10,9,12,1.4950000000000003
1498,PL_electrolyzer,2050,10,13,16,1.4950000000000003
1499,PL_electrolyzer,2050,10,17,20,1.952653061224489
1500,PL_electrolyzer,2050,10,21,24,1.4950000000000003
1501,PT_electrolyzer,2050,1,1,4,1.7225000000000004
1502,PT_electrolyzer,2050,1,5,8,1.7225000000000006
1503,PT_electrolyzer,2050,1,9,12,1.7225000000000004
1504,PT_electrolyzer,2050,1,13,16,-0.0
1505,PT_electrolyzer,2050,1,17,20,1.3187890625000007
1506,PT_electrolyzer,2050,1,21,24,1.7225000000000004
1507,PT_electrolyzer,2050,2,1,4,1.0725
1508,PT_electrolyzer,2050,2,5,8,1.0725000000000002
1509,PT_electrolyzer,2050,2,9,12,-0.0
1510,PT_electrolyzer,2050,2,13,16,-0.0
1511,PT_electrolyzer,2050,2,17,20,-0.0
1512,PT_electrolyzer,2050,2,21,24,1.0725000000000002
1513,PT_electrolyzer,2050,3,1,4,0.9425000000000002
1514,PT_electrolyzer,2050,3,5,8,0.9425000000000002
1515,PT_electrolyzer,2050,3,9,12,0.9425000000000002
1516,PT_electrolyzer,2050,3,13,16,0.7216015625000003
1517,PT_electrolyzer,2050,3,17,20,0.9425000000000002
1518,PT_electrolyzer,2050,3,21,24,0.9425000000000002
1519,PT_electrolyzer,2050,4,1,4,-0.0
1520,PT_electrolyzer,2050,4,5,8,-0.0
1521,PT_electrolyzer,2050,4,9,12,-0.0
1522,PT_electrolyzer,2050,4,13,16,-0.0
1523,PT_electrolyzer,2050,4,17,20,-0.0
1524,PT_electrolyzer,2050,4,21,24,0.7475
1525,PT_electrolyzer,2050,5,1,4,1.6900000000000004
1526,PT_electrolyzer,2050,5,5,8,1.6900000000000002
1527,PT_electrolyzer,2050,5,9,12,1.6575000000000009
1528,PT_electrolyzer,2050,5,13,16,-0.0
1529,PT_electrolyzer,2050,5,17,20,1.6575000000000004
1530,PT_electrolyzer,2050,5,21,24,1.6900000000000002
1531,PT_electrolyzer,2050,6,1,4,0.10828844023561016
1532,PT_electrolyzer,2050,6,5,8,0.10828844023561016
1533,PT_electrolyzer,2050,6,9,12,-0.0
1534,PT_electrolyzer,2050,6,13,16,-0.0
1535,PT_electrolyzer,2050,6,17,20,-0.0
1536,PT_electrolyzer,2050,6,21,24,0.1082884402356102
1537,PT_electrolyzer,2050,7,1,4,1.2025000000000001
1538,PT_electrolyzer,2050,7,5,8,1.2025
1539,PT_electrolyzer,2050,7,9,12,1.2025000000000001
1540,PT_electrolyzer,2050,7,13,16,-0.0
1541,PT_electrolyzer,2050,7,17,20,1.2025000000000001
1542,PT_electrolyzer,2050,7,21,24,1.2025
1543,PT_electrolyzer,2050,8,1,4,1.0075
1544,PT_electrolyzer,2050,8,5,8,1.0075
1545,PT_electrolyzer,2050,8,9,12,-0.0
1546,PT_electrolyzer,2050,8,13,16,-0.0
1547,PT_electrolyzer,2050,8,17,20,-0.0
1548,PT_electrolyzer,2050,8,21,24,1.0075
1549,PT_electrolyzer,2050,9,1,4,1.3975
1550,PT_electrolyzer,2050,9,5,8,1.3975
1551,PT_electrolyzer,2050,9,9,12,1.0699609375000005
1552,PT_electrolyzer,2050,9,13,16,-0.0
1553,PT_electrolyzer,2050,9,17,20,1.0490593750000003
1554,PT_electrolyzer,2050,9,21,24,1.3975
1555,PT_electrolyzer,2050,10,1,4,1.4950000000000003
1556,PT_electrolyzer,2050,10,5,8,1.4950000000000003
1557,PT_electrolyzer,2050,10,9,12,1.4950000000000003
1558,PT_electrolyzer,2050,10,13,16,-0.0
1559,PT_electrolyzer,2050,10,17,20,1.4950000000000003
1560,PT_electrolyzer,2050,10,21,24,1.4950000000000003
1561,RO_electrolyzer,2050,1,1,4,1.7225000000000004
1562,RO_electrolyzer,2050,1,5,8,1.7225000000000004
1563,RO_electrolyzer,2050,1,9,12,-0.0
1564,RO_electrolyzer,2050,1,13,16,-0.0
1565,RO_electrolyzer,2050,1,17,20,1.7225000000000004
1566,RO_electrolyzer,2050,1,21,24,1.7225000000000004
1567,RO_electrolyzer,2050,2,1,4,1.0724999999999998
1568,RO_electrolyzer,2050,2,5,8,0.8211328125000004
1569,RO_electrolyzer,2050,2,9,12,-0.0
1570,RO_electrolyzer,2050,2,13,16,-0.0
1571,RO_electrolyzer,2050,2,17,20,1.0725
1572,RO_electrolyzer,2050,2,21,24,1.0725000000000005
1573,RO_electrolyzer,2050,3,1,4,0.9425000000000002
1574,RO_electrolyzer,2050,3,5,8,0.9425000000000002
1575,RO_electrolyzer,2050,3,9,12,0.8595835625000002
1576,RO_electrolyzer,2050,3,13,16,0.9425000000000002
1577,RO_electrolyzer,2050,3,17,20,0.9425000000000002
1578,RO_electrolyzer,2050,3,21,24,0.9425000000000002
1579,RO_electrolyzer,2050,4,1,4,0.7475000000000002
1580,RO_electrolyzer,2050,4,5,8,0.7475000000000002
1581,RO_electrolyzer,2050,4,9,12,0.7475000000000003
1582,RO_electrolyzer,2050,4,13,16,0.6817386875000001
1583,RO_electrolyzer,2050,4,17,20,0.7475000000000002
1584,RO_electrolyzer,2050,4,21,24,0.7475000000000002
1585,RO_electrolyzer,2050,5,1,4,1.6900000000000002
1586,RO_electrolyzer,2050,5,5,8,1.6900000000000002
1587,RO_electrolyzer,2050,5,9,12,0.7810612244897945
1588,RO_electrolyzer,2050,5,13,16,0.7810612244897945
1589,RO_electrolyzer,2050,5,17,20,1.6900000000000002
1590,RO_electrolyzer,2050,5,21,24,1.6900000000000002
1591,RO_electrolyzer,2050,6,1,4,0.5850000000000002
1592,RO_electrolyzer,2050,6,5,8,0.5850000000000002
1593,RO_electrolyzer,2050,6,9,12,-0.0
1594,RO_electrolyzer,2050,6,13,16,-0.0
1595,RO_electrolyzer,2050,6,17,20,0.5850000000000001
1596,RO_electrolyzer,2050,6,21,24,0.5850000000000001
1597,RO_electrolyzer,2050,7,1,4,1.2025000000000001
1598,RO_electrolyzer,2050,7,5,8,1.2025000000000001
1599,RO_electrolyzer,2050,7,9,12,-0.0
1600,RO_electrolyzer,2050,7,13,16,-0.0
1601,RO_electrolyzer,2050,7,17,20,1.2025000000000001
1602,RO_electrolyzer,2050,7,21,24,1.2025000000000001
1603,RO_electrolyzer,2050,8,1,4,1.0075
1604,RO_electrolyzer,2050,8,5,8,0.7713671875000001
1605,RO_electrolyzer,2050,8,9,12,-0.0
1606,RO_electrolyzer,2050,8,13,16,-0.0
1607,RO_electrolyzer,2050,8,17,20,1.0075
1608,RO_electrolyzer,2050,8,21,24,1.0075
1609,RO_electrolyzer,2050,9,1,4,1.3975
1610,RO_electrolyzer,2050,9,5,8,1.3975
1611,RO_electrolyzer,2050,9,9,12,-0.0
1612,RO_electrolyzer,2050,9,13,16,-0.0
1613,RO_electrolyzer,2050,9,17,20,1.3975
1614,RO_electrolyzer,2050,9,21,24,1.3975
1615,RO_electrolyzer,2050,10,1,4,1.4950000000000006
1616,RO_electrolyzer,2050,10,5,8,1.4950000000000006
1617,RO_electrolyzer,2050,10,9,12,1.363477375
1618,RO_electrolyzer,2050,10,13,16,1.4950000000000003
1619,RO_electrolyzer,2050,10,17,20,1.495
1620,RO_electrolyzer,2050,10,21,24,1.4950000000000003
1621,SE_electrolyzer,2050,1,1,4,-0.0
1622,SE_electrolyzer,2050,1,5,8,-0.0
1623,SE_electrolyzer,2050,1,9,12,-0.0
1624,SE_electrolyzer,2050,1,13,16,-0.0
1625,SE_electrolyzer,2050,1,17,20,-0.0
1626,SE_electrolyzer,2050,1,21,24,-0.0
1627,SE_electrolyzer,2050,2,1,4,-0.0
1628,SE_electrolyzer,2050,2,5,8,-0.0
1629,SE_electrolyzer,2050,2,9,12,-0.0
1630,SE_electrolyzer,2050,2,13,16,-0.0
1631,SE_electrolyzer,2050,2,17,20,-0.0
1632,SE_electrolyzer,2050,2,21,24,-0.0
1633,SE_electrolyzer,2050,3,1,4,-0.0
1634,SE_electrolyzer,2050,3,5,8,-0.0
1635,SE_electrolyzer,2050,3,9,12,-0.0
1636,SE_electrolyzer,2050,3,13,16,-0.0
1637,SE_electrolyzer,2050,3,17,20,-0.0
1638,SE_electrolyzer,2050,3,21,24,-0.0
1639,SE_electrolyzer,2050,4,1,4,-0.0
1640,SE_electrolyzer,2050,4,5,8,-0.0
1641,SE_electrolyzer,2050,4,9,12,-0.0
1642,SE_electrolyzer,2050,4,13,16,-0.0
1643,SE_electrolyzer,2050,4,17,20,-0.0
1644,SE_electrolyzer,2050,4,21,24,-0.0
1645,SE_electrolyzer,2050,5,1,4,-0.0
1646,SE_electrolyzer,2050,5,5,8,-0.0
1647,SE_electrolyzer,2050,5,9,12,-0.0
1648,SE_electrolyzer,2050,5,13,16,-0.0
1649,SE_electrolyzer,2050,5,17,20,-0.0
1650,SE_electrolyzer,2050,5,21,24,-0.0
1651,SE_electrolyzer,2050,6,1,4,-0.0
1652,SE_electrolyzer,2050,6,5,8,-0.0
1653,SE_electrolyzer,2050,6,9,12,-0.0
1654,SE_electrolyzer,2050,6,13,16,-0.0
1655,SE_electrolyzer,2050,6,17,20,-0.0
1656,SE_electrolyzer,2050,6,21,24,-0.0
1657,SE_electrolyzer,2050,7,1,4,-0.0
1658,SE_electrolyzer,2050,7,5,8,-0.0
1659,SE_electrolyzer,2050,7,9,12,-0.0
1660,SE_electrolyzer,2050,7,13,16,-0.0
1661,SE_electrolyzer,2050,7,17,20,-0.0
1662,SE_electrolyzer,2050,7,21,24,-0.0
1663,SE_electrolyzer,2050,8,1,4,-0.0
1664,SE_electrolyzer,2050,8,5,8,-0.0
1665,SE_electrolyzer,2050,8,9,12,-0.0
1666,SE_electrolyzer,2050,8,13,16,-0.0
1667,SE_electrolyzer,2050,8,17,20,-0.0
1668,SE_electrolyzer,2050,8,21,24,-0.0
1669,SE_electrolyzer,2050,9,1,4,-0.0
1670,SE_electrolyzer,2050,9,5,8,-0.0
1671,SE_electrolyzer,2050,9,9,12,-0.0
1672,SE_electrolyzer,2050,9,13,16,-0.0
1673,SE_electrolyzer,2050,9,17,20,-0.0
1674,SE_electrolyzer,2050,9,21,24,-0.0
1675,SE_electrolyzer,2050,10,1,4,-0.0
1676,SE_electrolyzer,2050,10,5,8,0.529
1677,SE_electrolyzer,2050,10,9,12,1.4950000000000003
1678,SE_electrolyzer,2050,10,13,16,1.4950000000000003
1679,SE_electrolyzer,2050,10,17,20,0.529
1680,SE_electrolyzer,2050,10,21,24,-0.0
1681,SI_electrolyzer,2050,1,1,4,1.7225000000000004
1682,SI_electrolyzer,2050,1,5,8,1.7225000000000004
1683,SI_electrolyzer,2050,1,9,12,-0.0
1684,SI_electrolyzer,2050,1,13,16,-0.0
1685,SI_electrolyzer,2050,1,17,20,1.7225000000000004
1686,SI_electrolyzer,2050,1,21,24,1.7225000000000004
1687,SI_electrolyzer,2050,2,1,4,-0.0
1688,SI_electrolyzer,2050,2,5,8,-0.0
1689,SI_electrolyzer,2050,2,9,12,-0.0
1690,SI_electrolyzer,2050,2,13,16,-0.0
1691,SI_electrolyzer,2050,2,17,20,-0.0
1692,SI_electrolyzer,2050,2,21,24,-0.0
1693,SI_electrolyzer,2050,3,1,4,0.9425000000000002
1694,SI_electrolyzer,2050,3,5,8,0.9425000000000002
1695,SI_electrolyzer,2050,3,9,12,0.7216015625000004
1696,SI_electrolyzer,2050,3,13,16,0.7216015625000004
1697,SI_electrolyzer,2050,3,17,20,0.9425000000000002
1698,SI_electrolyzer,2050,3,21,24,0.9425000000000002
1699,SI_electrolyzer,2050,4,1,4,0.7475000000000003
1700,SI_electrolyzer,2050,4,5,8,0.7475000000000003
1701,SI_electrolyzer,2050,4,9,12,-0.0
1702,SI_electrolyzer,2050,4,13,16,-0.0
1703,SI_electrolyzer,2050,4,17,20,0.7475000000000003
1704,SI_electrolyzer,2050,4,21,24,0.7475000000000003
1705,SI_electrolyzer,2050,5,1,4,1.6575000000000002
1706,SI_electrolyzer,2050,5,5,8,1.6575000000000002
1707,SI_electrolyzer,2050,5,9,12,-0.0
1708,SI_electrolyzer,2050,5,13,16,-0.0
1709,SI_electrolyzer,2050,5,17,20,1.6575000000000004
1710,SI_electrolyzer,2050,5,21,24,1.6575000000000002
1711,SI_electrolyzer,2050,6,1,4,0.25407065633443693
1712,SI_electrolyzer,2050,6,5,8,0.25407065633443693
1713,SI_electrolyzer,2050,6,9,12,-0.0
1714,SI_electrolyzer,2050,6,13,16,-0.0
1715,SI_electrolyzer,2050,6,17,20,0.09876176470588237
1716,SI_electrolyzer,2050,6,21,24,0.25407065633443693
1717,SI_electrolyzer,2050,7,1,4,1.2025000000000001
1718,SI_electrolyzer,2050,7,5,8,1.2025000000000001
1719,SI_electrolyzer,2050,7,9,12,-0.0
1720,SI_electrolyzer,2050,7,13,16,-0.0
1721,SI_electrolyzer,2050,7,17,20,1.2025000000000001
1722,SI_electrolyzer,2050,7,21,24,1.2025000000000001
1723,SI_electrolyzer,2050,8,1,4,1.0075000000000003
1724,SI_electrolyzer,2050,8,5,8,0.7713671875000001
1725,SI_electrolyzer,2050,8,9,12,-0.0
1726,SI_electrolyzer,2050,8,13,16,-0.0
1727,SI_electrolyzer,2050,8,17,20,0.5905780029296877
1728,SI_electrolyzer,2050,8,21,24,1.0075000000000003
1729,SI_electrolyzer,2050,9,1,4,1.3975
1730,SI_electrolyzer,2050,9,5,8,1.3975
1731,SI_electrolyzer,2050,9,9,12,-0.0
1732,SI_electrolyzer,2050,9,13,16,-0.0
1733,SI_electrolyzer,2050,9,17,20,1.3975
1734,SI_electrolyzer,2050,9,21,24,1.3975
1735,SI_electrolyzer,2050,10,1,4,1.495
1736,SI_electrolyzer,2050,10,5,8,1.495
1737,SI_electrolyzer,2050,10,9,12,1.1446093750000004
1738,SI_electrolyzer,2050,10,13,16,0.529
1739,SI_electrolyzer,2050,10,17,20,1.495
1740,SI_electrolyzer,2050,10,21,24,1.4950000000000003
1801,SK_electrolyzer,2050,1,1,4,1.7225000000000004
1802,SK_electrolyzer,2050,1,5,8,1.7225000000000004
1803,SK_electrolyzer,2050,1,9,12,1.7225000000000004
1804,SK_electrolyzer,2050,1,13,16,1.7225000000000004
1805,SK_electrolyzer,2050,1,17,20,1.7225000000000004
1806,SK_electrolyzer,2050,1,21,24,1.7225000000000004
1807,SK_electrolyzer,2050,2,1,4,1.0724999999999998
1808,SK_electrolyzer,2050,2,5,8,0.8211328125000004
1809,SK_electrolyzer,2050,2,9,12,-0.0
1810,SK_electrolyzer,2050,2,13,16,-0.0
1811,SK_electrolyzer,2050,2,17,20,1.0725
1812,SK_electrolyzer,2050,2,21,24,1.0725000000000005
1813,SK_electrolyzer,2050,3,1,4,0.9425000000000002
1814,SK_electrolyzer,2050,3,5,8,0.9425000000000002
1815,SK_electrolyzer,2050,3,9,12,0.8595835625000002
1816,SK_electrolyzer,2050,3,13,16,0.9425000000000002
1817,SK_electrolyzer,2050,3,17,20,0.9425000000000002
1818,SK_electrolyzer,2050,3,21,24,0.9425000000000002
1819,SK_electrolyzer,2050,4,1,4,0.7475000000000002
1820,SK_electrolyzer,2050,4,5,8,0.7475
1821,SK_electrolyzer,2050,4,9,12,0.7475000000000002
1822,SK_electrolyzer,2050,4,13,16,0.6817386875000001
1823,SK_electrolyzer,2050,4,17,20,0.7475000000000002
1824,SK_electrolyzer,2050,4,21,24,0.7475000000000002
1825,SK_electrolyzer,2050,5,1,4,1.6900000000000002
1826,SK_electrolyzer,2050,5,5,8,1.6900000000000002
1827,SK_electrolyzer,2050,5,9,12,0.7810612244897945
1828,SK_electrolyzer,2050,5,13,16,0.7810612244897945
1829,SK_electrolyzer,2050,5,17,20,1.6900000000000002
1830,SK_electrolyzer,2050,5,21,24,1.6900000000000002
1831,SK_electrolyzer,2050,6,1,4,0.5850000000000002
1832,SK_electrolyzer,2050,6,5,8,0.5850000000000001
1833,SK_electrolyzer,2050,6,9,12,0.5850000000000001
1834,SK_electrolyzer,2050,6,13,16,-0.0
1835,SK_electrolyzer,2050,6,17,20,0.5850000000000001
1836,SK_electrolyzer,2050,6,21,24,0.5850000000000001
1837,SK_electrolyzer,2050,7,1,4,1.2025000000000001
1838,SK_electrolyzer,2050,7,5,8,1.2025000000000001
1839,SK_electrolyzer,2050,7,9,12,0.9206640625000002
1840,SK_electrolyzer,2050,7,13,16,0.4255
1841,SK_electrolyzer,2050,7,17,20,1.2025000000000001
1842,SK_electrolyzer,2050,7,21,24,1.2025000000000001
1843,SK_electrolyzer,2050,8,1,4,1.0075
1844,SK_electrolyzer,2050,8,5,8,0.7713671875000001
1845,SK_electrolyzer,2050,8,9,12,-0.0
1846,SK_electrolyzer,2050,8,13,16,-0.0
1847,SK_electrolyzer,2050,8,17,20,1.0075
1848,SK_electrolyzer,2050,8,21,24,1.0075
1849,SK_electrolyzer,2050,9,1,4,1.3975
1850,SK_electrolyzer,2050,9,5,8,1.3975
1851,SK_electrolyzer,2050,9,9,12,-0.0
1852,SK_electrolyzer,2050,9,13,16,-0.0
1853,SK_electrolyzer,2050,9,17,20,1.3975
1854,SK_electrolyzer,2050,9,21,24,1.3975
1855,SK_electrolyzer,2050,10,1,4,1.952653061224489
1856,SK_electrolyzer,2050,10,5,8,1.495
1857,SK_electrolyzer,2050,10,9,12,1.4950000000000003
1858,SK_electrolyzer,2050,10,13,16,1.4950000000000003
1859,SK_electrolyzer,2050,10,17,20,1.952653061224489
1860,SK_electrolyzer,2050,10,21,24,1.4950000000000003
1741,UK_electrolyzer,2050,1,1,4,-0.0
1742,UK_electrolyzer,2050,1,5,8,-0.0
1743,UK_electrolyzer,2050,1,9,12,1.7225000000000004
1744,UK_electrolyzer,2050,1,13,16,-0.0
1745,UK_electrolyzer,2050,1,17,20,-0.0
1746,UK_electrolyzer,2050,1,21,24,-0.0
1747,UK_electrolyzer,2050,2,1,4,-0.0
1748,UK_electrolyzer,2050,2,5,8,-0.0
1749,UK_electrolyzer,2050,2,9,12,1.0725000000000002
1750,UK_electrolyzer,2050,2,13,16,1.0725000000000002
1751,UK_electrolyzer,2050,2,17,20,33.0
1752,UK_electrolyzer,2050,2,21,24,-0.0
1753,UK_electrolyzer,2050,3,1,4,-0.0
1754,UK_electrolyzer,2050,3,5,8,-0.0
1755,UK_electrolyzer,2050,3,9,12,-0.0
1756,UK_electrolyzer,2050,3,13,16,-0.0
1757,UK_electrolyzer,2050,3,17,20,-0.0
1758,UK_electrolyzer,2050,3,21,24,-0.0
1759,UK_electrolyzer,2050,4,1,4,-0.0
1760,UK_electrolyzer,2050,4,5,8,-0.0
1761,UK_electrolyzer,2050,4,9,12,-0.0
1762,UK_electrolyzer,2050,4,13,16,-0.0
1763,UK_electrolyzer,2050,4,17,20,-0.0
1764,UK_electrolyzer,2050,4,21,24,-0.0
1765,UK_electrolyzer,2050,5,1,4,-0.0
1766,UK_electrolyzer,2050,5,5,8,-0.0
1767,UK_electrolyzer,2050,5,9,12,-0.0
1768,UK_electrolyzer,2050,5,13,16,-0.0
1769,UK_electrolyzer,2050,5,17,20,-0.0
1770,UK_electrolyzer,2050,5,21,24,-0.0
1771,UK_electrolyzer,2050,6,1,4,-0.0
1772,UK_electrolyzer,2050,6,5,8,-0.0
1773,UK_electrolyzer,2050,6,9,12,0.207
1774,UK_electrolyzer,2050,6,13,16,-0.0
1775,UK_electrolyzer,2050,6,17,20,-0.0
1776,UK_electrolyzer,2050,6,21,24,-0.0
1777,UK_electrolyzer,2050,7,1,4,-0.0
1778,UK_electrolyzer,2050,7,5,8,-0.0
1779,UK_electrolyzer,2050,7,9,12,37.0
1780,UK_electrolyzer,2050,7,13,16,37.0
1781,UK_electrolyzer,2050,7,17,20,37.0
1782,UK_electrolyzer,2050,7,21,24,1.2025000000000001
1783,UK_electrolyzer,2050,8,1,4,-0.0
1784,UK_electrolyzer,2050,8,5,8,-0.0
1785,UK_electrolyzer,2050,8,9,12,-0.0
1786,UK_electrolyzer,2050,8,13,16,-0.0
1787,UK_electrolyzer,2050,8,17,20,-0.0
1788,UK_electrolyzer,2050,8,21,24,-0.0
1789,UK_electrolyzer,2050,9,1,4,-0.0
1790,UK_electrolyzer,2050,9,5,8,-0.0
1791,UK_electrolyzer,2050,9,9,12,-0.0
1792,UK_electrolyzer,2050,9,13,16,-0.0
1793,UK_electrolyzer,2050,9,17,20,-0.0
1794,UK_electrolyzer,2050,9,21,24,-0.0
1795,UK_electrolyzer,2050,10,1,4,-0.0
1796,UK_electrolyzer,2050,10,5,8,-0.0
1797,UK_electrolyzer,2050,10,9,12,46.0
1798,UK_electrolyzer,2050,10,13,16,46.0
1799,UK_electrolyzer,2050,10,17,20,46.0
1800,UK_electrolyzer,2050,10,21,24,-0.0
