asset,capacity,capacity_storage_energy,consumer_balance_sense,discount_rate,economic_lifetime,energy_to_power_ratio,group,investment_integer,investment_integer_storage_energy,investment_method,is_seasonal,max_ramp_down,max_ramp_up,min_operating_point,ramping,storage_method_energy,technical_lifetime,type,unit_commitment,unit_commitment_integer,unit_commitment_method,use_binary_storage_method
NL_E_Demand,0.0,0.0,>=,0.0,1.0,0,,false,false,none,false,,,,,false,1.0,consumer,,,,
BE_E_Demand,0.0,0.0,>=,0.0,1.0,0,,false,false,none,false,,,,,false,1.0,consumer,,,,
DE_E_Demand,0.0,0.0,>=,0.0,1.0,0,,false,false,none,false,,,,,false,1.0,consumer,,,,
FR_E_Demand,0.0,0.0,>=,0.0,1.0,0,,false,false,none,false,,,,,false,1.0,consumer,,,,
DK_E_Demand,0.0,0.0,>=,0.0,1.0,0,,false,false,none,false,,,,,false,1.0,consumer,,,,
UK_E_Demand,0.0,0.0,>=,0.0,1.0,0,,false,false,none,false,,,,,false,1.0,consumer,,,,
IE_E_Demand,0.0,0.0,>=,0.0,1.0,0,,false,false,none,false,,,,,false,1.0,consumer,,,,
CH_E_Demand,0.0,0.0,>=,0.0,1.0,0,,false,false,none,false,,,,,false,1.0,consumer,,,,
AT_E_Demand,0.0,0.0,>=,0.0,1.0,0,,false,false,none,false,,,,,false,1.0,consumer,,,,
LU_E_Demand,0.0,0.0,>=,0.0,1.0,0,,false,false,none,false,,,,,false,1.0,consumer,,,,
CZ_E_Demand,0.0,0.0,>=,0.0,1.0,0,,false,false,none,false,,,,,false,1.0,consumer,,,,
PL_E_Demand,0.0,0.0,>=,0.0,1.0,0,,false,false,none,false,,,,,false,1.0,consumer,,,,
SE_E_Demand,0.0,0.0,>=,0.0,1.0,0,,false,false,none,false,,,,,false,1.0,consumer,,,,
NO_E_Demand,0.0,0.0,>=,0.0,1.0,0,,false,false,none,false,,,,,false,1.0,consumer,,,,
ES_E_Demand,0.0,0.0,>=,0.0,1.0,0,,false,false,none,false,,,,,false,1.0,consumer,,,,
PT_E_Demand,0.0,0.0,>=,0.0,1.0,0,,false,false,none,false,,,,,false,1.0,consumer,,,,
IT_E_Demand,0.0,0.0,>=,0.0,1.0,0,,false,false,none,false,,,,,false,1.0,consumer,,,,
MT_E_Demand,0.0,0.0,>=,0.0,1.0,0,,false,false,none,false,,,,,false,1.0,consumer,,,,
SI_E_Demand,0.0,0.0,>=,0.0,1.0,0,,false,false,none,false,,,,,false,1.0,consumer,,,,
HU_E_Demand,0.0,0.0,>=,0.0,1.0,0,,false,false,none,false,,,,,false,1.0,consumer,,,,
SK_E_Demand,0.0,0.0,>=,0.0,1.0,0,,false,false,none,false,,,,,false,1.0,consumer,,,,
LT_E_Demand,0.0,0.0,>=,0.0,1.0,0,,false,false,none,false,,,,,false,1.0,consumer,,,,
LV_E_Demand,0.0,0.0,>=,0.0,1.0,0,,false,false,none,false,,,,,false,1.0,consumer,,,,
EE_E_Demand,0.0,0.0,>=,0.0,1.0,0,,false,false,none,false,,,,,false,1.0,consumer,,,,
FI_E_Demand,0.0,0.0,>=,0.0,1.0,0,,false,false,none,false,,,,,false,1.0,consumer,,,,
HR_E_Demand,0.0,0.0,>=,0.0,1.0,0,,false,false,none,false,,,,,false,1.0,consumer,,,,
GR_E_Demand,0.0,0.0,>=,0.0,1.0,0,,false,false,none,false,,,,,false,1.0,consumer,,,,
BG_E_Demand,0.0,0.0,>=,0.0,1.0,0,,false,false,none,false,,,,,false,1.0,consumer,,,,
RO_E_Demand,0.0,0.0,>=,0.0,1.0,0,,false,false,none,false,,,,,false,1.0,consumer,,,,
CY_E_Demand,0.0,0.0,>=,0.0,1.0,0,,false,false,none,false,,,,,false,1.0,consumer,,,,
OBZLL_E_Demand,0.0,0.0,>=,0.0,1.0,0,,false,false,none,false,,,,,false,1.0,consumer,,,,
NL_H_Demand,0.0,0.0,>=,0.0,1.0,0,,false,false,none,false,,,,,false,1.0,consumer,,,,
BE_H_Demand,0.0,0.0,>=,0.0,1.0,0,,false,false,none,false,,,,,false,1.0,consumer,,,,
DE_H_Demand,0.0,0.0,>=,0.0,1.0,0,,false,false,none,false,,,,,false,1.0,consumer,,,,
FR_H_Demand,0.0,0.0,>=,0.0,1.0,0,,false,false,none,false,,,,,false,1.0,consumer,,,,
DK_H_Demand,0.0,0.0,>=,0.0,1.0,0,,false,false,none,false,,,,,false,1.0,consumer,,,,
UK_H_Demand,0.0,0.0,>=,0.0,1.0,0,,false,false,none,false,,,,,false,1.0,consumer,,,,
IE_H_Demand,0.0,0.0,>=,0.0,1.0,0,,false,false,none,false,,,,,false,1.0,consumer,,,,
CH_H_Demand,0.0,0.0,>=,0.0,1.0,0,,false,false,none,false,,,,,false,1.0,consumer,,,,
AT_H_Demand,0.0,0.0,>=,0.0,1.0,0,,false,false,none,false,,,,,false,1.0,consumer,,,,
LU_H_Demand,0.0,0.0,>=,0.0,1.0,0,,false,false,none,false,,,,,false,1.0,consumer,,,,
CZ_H_Demand,0.0,0.0,>=,0.0,1.0,0,,false,false,none,false,,,,,false,1.0,consumer,,,,
PL_H_Demand,0.0,0.0,>=,0.0,1.0,0,,false,false,none,false,,,,,false,1.0,consumer,,,,
SE_H_Demand,0.0,0.0,>=,0.0,1.0,0,,false,false,none,false,,,,,false,1.0,consumer,,,,
NO_H_Demand,0.0,0.0,>=,0.0,1.0,0,,false,false,none,false,,,,,false,1.0,consumer,,,,
ES_H_Demand,0.0,0.0,>=,0.0,1.0,0,,false,false,none,false,,,,,false,1.0,consumer,,,,
PT_H_Demand,0.0,0.0,>=,0.0,1.0,0,,false,false,none,false,,,,,false,1.0,consumer,,,,
IT_H_Demand,0.0,0.0,>=,0.0,1.0,0,,false,false,none,false,,,,,false,1.0,consumer,,,,
MT_H_Demand,0.0,0.0,>=,0.0,1.0,0,,false,false,none,false,,,,,false,1.0,consumer,,,,
SI_H_Demand,0.0,0.0,>=,0.0,1.0,0,,false,false,none,false,,,,,false,1.0,consumer,,,,
HU_H_Demand,0.0,0.0,>=,0.0,1.0,0,,false,false,none,false,,,,,false,1.0,consumer,,,,
SK_H_Demand,0.0,0.0,>=,0.0,1.0,0,,false,false,none,false,,,,,false,1.0,consumer,,,,
LT_H_Demand,0.0,0.0,>=,0.0,1.0,0,,false,false,none,false,,,,,false,1.0,consumer,,,,
LV_H_Demand,0.0,0.0,>=,0.0,1.0,0,,false,false,none,false,,,,,false,1.0,consumer,,,,
EE_H_Demand,0.0,0.0,>=,0.0,1.0,0,,false,false,none,false,,,,,false,1.0,consumer,,,,
FI_H_Demand,0.0,0.0,>=,0.0,1.0,0,,false,false,none,false,,,,,false,1.0,consumer,,,,
HR_H_Demand,0.0,0.0,>=,0.0,1.0,0,,false,false,none,false,,,,,false,1.0,consumer,,,,
GR_H_Demand,0.0,0.0,>=,0.0,1.0,0,,false,false,none,false,,,,,false,1.0,consumer,,,,
BG_H_Demand,0.0,0.0,>=,0.0,1.0,0,,false,false,none,false,,,,,false,1.0,consumer,,,,
RO_H_Demand,0.0,0.0,>=,0.0,1.0,0,,false,false,none,false,,,,,false,1.0,consumer,,,,
CY_H_Demand,0.0,0.0,>=,0.0,1.0,0,,false,false,none,false,,,,,false,1.0,consumer,,,,
OBZLL_H_Demand,0.0,0.0,>=,0.0,1.0,0,,false,false,none,false,,,,,false,1.0,consumer,,,,
NL_electrolyzer,16004.56621,0.0,,0.0,1.0,0,,false,false,none,false,,,,,false,1.0,conversion,,,,
BE_electrolyzer,11118.72146,0.0,,0.0,1.0,0,,false,false,none,false,,,,,false,1.0,conversion,,,,
DE_electrolyzer,68344.74886,0.0,,0.0,1.0,0,,false,false,none,false,,,,,false,1.0,conversion,,,,
FR_electrolyzer,6803.652968,0.0,,0.0,1.0,0,,false,false,none,false,,,,,false,1.0,conversion,,,,
DK_electrolyzer,2305.936073,0.0,,0.0,1.0,0,,false,false,none,false,,,,,false,1.0,conversion,,,,
UK_electrolyzer,35589.07422,0.0,,0.0,1.0,0,,false,false,none,false,,,,,false,1.0,conversion,,,,
IE_electrolyzer,2705.479452,0.0,,0.0,1.0,0,,false,false,none,false,,,,,false,1.0,conversion,,,,
CH_electrolyzer,3820.526568,0.0,,0.0,1.0,0,,false,false,none,false,,,,,false,1.0,conversion,,,,
AT_electrolyzer,5730.593607,0.0,,0.0,1.0,0,,false,false,none,false,,,,,false,1.0,conversion,,,,
LU_electrolyzer,513.6986301,0.0,,0.0,1.0,0,,false,false,none,false,,,,,false,1.0,conversion,,,,
CZ_electrolyzer,4703.196347,0.0,,0.0,1.0,0,,false,false,none,false,,,,,false,1.0,conversion,,,,
PL_electrolyzer,14942.92237,0.0,,0.0,1.0,0,,false,false,none,false,,,,,false,1.0,conversion,,,,
SE_electrolyzer,8664.383562,0.0,,0.0,1.0,0,,false,false,none,false,,,,,false,1.0,conversion,,,,
NO_electrolyzer,9032.895165,0.0,,0.0,1.0,0,,false,false,none,false,,,,,false,1.0,conversion,,,,
ES_electrolyzer,20970.31963,0.0,,0.0,1.0,0,,false,false,none,false,,,,,false,1.0,conversion,,,,
PT_electrolyzer,3515.981735,0.0,,0.0,1.0,0,,false,false,none,false,,,,,false,1.0,conversion,,,,
IT_electrolyzer,16666.66667,0.0,,0.0,1.0,0,,false,false,none,false,,,,,false,1.0,conversion,,,,
MT_electrolyzer,68.49315068,0.0,,0.0,1.0,0,,false,false,none,false,,,,,false,1.0,conversion,,,,
SI_electrolyzer,650.6849315,0.0,,0.0,1.0,0,,false,false,none,false,,,,,false,1.0,conversion,,,,
HU_electrolyzer,4212.328767,0.0,,0.0,1.0,0,,false,false,none,false,,,,,false,1.0,conversion,,,,
SK_electrolyzer,2716.894977,0.0,,0.0,1.0,0,,false,false,none,false,,,,,false,1.0,conversion,,,,
LT_electrolyzer,2066.210046,0.0,,0.0,1.0,0,,false,false,none,false,,,,,false,1.0,conversion,,,,
LV_electrolyzer,308.2191781,0.0,,0.0,1.0,0,,false,false,none,false,,,,,false,1.0,conversion,,,,
EE_electrolyzer,194.0639269,0.0,,0.0,1.0,0,,false,false,none,false,,,,,false,1.0,conversion,,,,
FI_electrolyzer,5410.958904,0.0,,0.0,1.0,0,,false,false,none,false,,,,,false,1.0,conversion,,,,
HR_electrolyzer,924.6575342,0.0,,0.0,1.0,0,,false,false,none,false,,,,,false,1.0,conversion,,,,
GR_electrolyzer,6575.342466,0.0,,0.0,1.0,0,,false,false,none,false,,,,,false,1.0,conversion,,,,
BG_electrolyzer,1518.26484,0.0,,0.0,1.0,0,,false,false,none,false,,,,,false,1.0,conversion,,,,
RO_electrolyzer,4897.260274,0.0,,0.0,1.0,0,,false,false,none,false,,,,,false,1.0,conversion,,,,
CY_electrolyzer,285.3881279,0.0,,0.0,1.0,0,,false,false,none,false,,,,,false,1.0,conversion,,,,
OBZLL_electrolyzer,0.0,0.0,,0.0,1.0,0,,false,false,none,false,,,,,false,1.0,conversion,,,,
NL_E_Balance,0.0,0.0,,0.0,1.0,0,,false,false,none,false,,,,,false,1.0,hub,,,,
BE_E_Balance,0.0,0.0,,0.0,1.0,0,,false,false,none,false,,,,,false,1.0,hub,,,,
DE_E_Balance,0.0,0.0,,0.0,1.0,0,,false,false,none,false,,,,,false,1.0,hub,,,,
FR_E_Balance,0.0,0.0,,0.0,1.0,0,,false,false,none,false,,,,,false,1.0,hub,,,,
DK_E_Balance,0.0,0.0,,0.0,1.0,0,,false,false,none,false,,,,,false,1.0,hub,,,,
UK_E_Balance,0.0,0.0,,0.0,1.0,0,,false,false,none,false,,,,,false,1.0,hub,,,,
IE_E_Balance,0.0,0.0,,0.0,1.0,0,,false,false,none,false,,,,,false,1.0,hub,,,,
CH_E_Balance,0.0,0.0,,0.0,1.0,0,,false,false,none,false,,,,,false,1.0,hub,,,,
AT_E_Balance,0.0,0.0,,0.0,1.0,0,,false,false,none,false,,,,,false,1.0,hub,,,,
LU_E_Balance,0.0,0.0,,0.0,1.0,0,,false,false,none,false,,,,,false,1.0,hub,,,,
CZ_E_Balance,0.0,0.0,,0.0,1.0,0,,false,false,none,false,,,,,false,1.0,hub,,,,
PL_E_Balance,0.0,0.0,,0.0,1.0,0,,false,false,none,false,,,,,false,1.0,hub,,,,
SE_E_Balance,0.0,0.0,,0.0,1.0,0,,false,false,none,false,,,,,false,1.0,hub,,,,
NO_E_Balance,0.0,0.0,,0.0,1.0,0,,false,false,none,false,,,,,false,1.0,hub,,,,
ES_E_Balance,0.0,0.0,,0.0,1.0,0,,false,false,none,false,,,,,false,1.0,hub,,,,
PT_E_Balance,0.0,0.0,,0.0,1.0,0,,false,false,none,false,,,,,false,1.0,hub,,,,
IT_E_Balance,0.0,0.0,,0.0,1.0,0,,false,false,none,false,,,,,false,1.0,hub,,,,
MT_E_Balance,0.0,0.0,,0.0,1.0,0,,false,false,none,false,,,,,false,1.0,hub,,,,
SI_E_Balance,0.0,0.0,,0.0,1.0,0,,false,false,none,false,,,,,false,1.0,hub,,,,
HU_E_Balance,0.0,0.0,,0.0,1.0,0,,false,false,none,false,,,,,false,1.0,hub,,,,
SK_E_Balance,0.0,0.0,,0.0,1.0,0,,false,false,none,false,,,,,false,1.0,hub,,,,
LT_E_Balance,0.0,0.0,,0.0,1.0,0,,false,false,none,false,,,,,false,1.0,hub,,,,
LV_E_Balance,0.0,0.0,,0.0,1.0,0,,false,false,none,false,,,,,false,1.0,hub,,,,
EE_E_Balance,0.0,0.0,,0.0,1.0,0,,false,false,none,false,,,,,false,1.0,hub,,,,
FI_E_Balance,0.0,0.0,,0.0,1.0,0,,false,false,none,false,,,,,false,1.0,hub,,,,
HR_E_Balance,0.0,0.0,,0.0,1.0,0,,false,false,none,false,,,,,false,1.0,hub,,,,
GR_E_Balance,0.0,0.0,,0.0,1.0,0,,false,false,none,false,,,,,false,1.0,hub,,,,
BG_E_Balance,0.0,0.0,,0.0,1.0,0,,false,false,none,false,,,,,false,1.0,hub,,,,
RO_E_Balance,0.0,0.0,,0.0,1.0,0,,false,false,none,false,,,,,false,1.0,hub,,,,
CY_E_Balance,0.0,0.0,,0.0,1.0,0,,false,false,none,false,,,,,false,1.0,hub,,,,
OBZLL_E_Balance,0.0,0.0,,0.0,1.0,0,,false,false,none,false,,,,,false,1.0,hub,,,,
NL_E_ENS,33775.8785,0.0,,0.0,1.0,0,,false,false,none,false,,,,,false,1.0,producer,,,,
NL_Wind_Onshore,20000.0,0.0,,0.0,1.0,0,,true,false,simple,false,,,,,false,1.0,producer,,,,
NL_Wind_Offshore,49653.0,0.0,,0.0,1.0,0,,true,false,simple,false,,,,,false,1.0,producer,,,,
NL_Solar,99984.0,0.0,,0.0,1.0,0,,true,false,simple,false,,,,,false,1.0,producer,,,,
NL_Gas,15250.0,0.0,,0.0,1.0,0,,false,false,none,false,0.1,0.1,0.25,true,false,1.0,producer,true,true,basic,
NL_OCGT,0.0,0.0,,0.0,1.0,0,,false,false,none,false,0.1,0.1,0.25,true,false,1.0,producer,true,true,basic,
BE_E_ENS,23582.92406,0.0,,0.0,1.0,0,,false,false,none,false,,,,,false,1.0,producer,,,,
BE_Wind_Onshore,10000.0,0.0,,0.0,1.0,0,,true,false,simple,false,,,,,false,1.0,producer,,,,
BE_Wind_Offshore,10960.0,0.0,,0.0,1.0,0,,true,false,simple,false,,,,,false,1.0,producer,,,,
BE_Solar,55000.0,0.0,,0.0,1.0,0,,true,false,simple,false,,,,,false,1.0,producer,,,,
BE_Hydro,165.0,0.0,,0.0,1.0,0,,false,false,none,false,,,,,false,1.0,producer,,,,
BE_Gas,8868.0,0.0,,0.0,1.0,0,,false,false,none,false,0.1,0.1,0.25,true,false,1.0,producer,true,true,basic,
BE_OCGT,244.0,0.0,,0.0,1.0,0,,false,false,none,false,0.1,0.1,0.25,true,false,1.0,producer,true,true,basic,
DE_E_ENS,119083.5828,0.0,,0.0,1.0,0,,false,false,none,false,,,,,false,1.0,producer,,,,
DE_Wind_Onshore,191500.0,0.0,,0.0,1.0,0,,true,false,simple,false,,,,,false,1.0,producer,,,,
DE_Wind_Offshore,70585.0,0.0,,0.0,1.0,0,,true,false,simple,false,,,,,false,1.0,producer,,,,
DE_Solar,456389.0,0.0,,0.0,1.0,0,,true,false,simple,false,,,,,false,1.0,producer,,,,
DE_Hydro,4753.0,0.0,,0.0,1.0,0,,false,false,none,false,,,,,false,1.0,producer,,,,
DE_Coal,0.0,0.0,,0.0,1.0,0,,false,false,none,false,0.5,0.5,0.25,true,false,1.0,producer,true,true,basic,
DE_Gas,33582.0,0.0,,0.0,1.0,0,,false,false,none,false,0.1,0.1,0.25,true,false,1.0,producer,true,true,basic,
DE_OCGT,0.0,0.0,,0.0,1.0,0,,false,false,none,false,0.1,0.1,0.25,true,false,1.0,producer,true,true,basic,
FR_E_ENS,92160.0,0.0,,0.0,1.0,0,,false,false,none,false,,,,,false,1.0,producer,,,,
FR_Wind_Onshore,80000.0,0.0,,0.0,1.0,0,,true,false,simple,false,,,,,false,1.0,producer,,,,
FR_Wind_Offshore,43570.0,0.0,,0.0,1.0,0,,true,false,simple,false,,,,,false,1.0,producer,,,,
FR_Solar,193594.0,0.0,,0.0,1.0,0,,true,false,simple,false,,,,,false,1.0,producer,,,,
FR_Hydro,23447.0,0.0,,0.0,1.0,0,,false,false,none,false,,,,,false,1.0,producer,,,,
FR_Nuclear,50139.0,0.0,,0.0,1.0,0,,false,false,none,false,0.3,0.3,0.25,true,false,1.0,producer,true,true,basic,
FR_Gas,10839.0,0.0,,0.0,1.0,0,,false,false,none,false,0.1,0.1,0.25,true,false,1.0,producer,true,true,basic,
FR_OCGT,0.0,0.0,,0.0,1.0,0,,false,false,none,false,0.1,0.1,0.25,true,false,1.0,producer,true,true,basic,
DK_E_ENS,5894.6533,0.0,,0.0,1.0,0,,false,false,none,false,,,,,false,1.0,producer,,,,
DK_Wind_Onshore,11393.0,0.0,,0.0,1.0,0,,true,false,simple,false,,,,,false,1.0,producer,,,,
DK_Wind_Offshore,44191.0,0.0,,0.0,1.0,0,,true,false,simple,false,,,,,false,1.0,producer,,,,
DK_Solar,24446.0,0.0,,0.0,1.0,0,,true,false,simple,false,,,,,false,1.0,producer,,,,
DK_Gas,10.0,0.0,,0.0,1.0,0,,false,false,none,false,0.1,0.1,0.25,true,false,1.0,producer,true,true,basic,
DK_OCGT,612.0,0.0,,0.0,1.0,0,,false,false,none,false,0.1,0.1,0.25,true,false,1.0,producer,true,true,basic,
UK_E_ENS,118630.2474,0.0,,0.0,1.0,0,,false,false,none,false,,,,,false,1.0,producer,,,,
UK_Wind_Onshore,53918.0,0.0,,0.0,1.0,0,,true,false,simple,false,,,,,false,1.0,producer,,,,
UK_Wind_Offshore,110458.0,0.0,,0.0,1.0,0,,true,false,simple,false,,,,,false,1.0,producer,,,,
UK_Solar,63715.0,0.0,,0.0,1.0,0,,true,false,simple,false,,,,,false,1.0,producer,,,,
UK_Hydro,2513.0,0.0,,0.0,1.0,0,,false,false,none,false,,,,,false,1.0,producer,,,,
UK_Nuclear,16000.0,0.0,,0.0,1.0,0,,false,false,none,false,0.3,0.3,0.25,true,false,1.0,producer,true,true,basic,
UK_Gas,9505.0,0.0,,0.0,1.0,0,,false,false,none,false,0.1,0.1,0.25,true,false,1.0,producer,true,true,basic,
UK_OCGT,1243.0,0.0,,0.0,1.0,0,,false,false,none,false,0.1,0.1,0.25,true,false,1.0,producer,true,true,basic,
IE_E_ENS,10172.088,0.0,,0.0,1.0,0,,false,false,none,false,,,,,false,1.0,producer,,,,
IE_Wind_Onshore,11308.0,0.0,,0.0,1.0,0,,true,false,simple,false,,,,,false,1.0,producer,,,,
IE_Wind_Offshore,21057.0,0.0,,0.0,1.0,0,,true,false,simple,false,,,,,false,1.0,producer,,,,
IE_Solar,12113.0,0.0,,0.0,1.0,0,,true,false,simple,false,,,,,false,1.0,producer,,,,
IE_Hydro,215.0,0.0,,0.0,1.0,0,,false,false,none,false,,,,,false,1.0,producer,,,,
IE_Gas,7933.0,0.0,,0.0,1.0,0,,false,false,none,false,0.1,0.1,0.25,true,false,1.0,producer,true,true,basic,
IE_OCGT,116.0,0.0,,0.0,1.0,0,,false,false,none,false,0.1,0.1,0.25,true,false,1.0,producer,true,true,basic,
CH_E_ENS,12735.08856,0.0,,0.0,1.0,0,,false,false,none,false,,,,,false,1.0,producer,,,,
CH_Wind_Onshore,2223.0,0.0,,0.0,1.0,0,,true,false,simple,false,,,,,false,1.0,producer,,,,
CH_Solar,13312.0,0.0,,0.0,1.0,0,,true,false,simple,false,,,,,false,1.0,producer,,,,
CH_Hydro,13775.0,0.0,,0.0,1.0,0,,false,false,none,false,,,,,false,1.0,producer,,,,
CH_Nuclear,0.0,0.0,,0.0,1.0,0,,false,false,none,false,0.3,0.3,0.25,true,false,1.0,producer,true,true,basic,
AT_E_ENS,18940.2772,0.0,,0.0,1.0,0,,false,false,none,false,,,,,false,1.0,producer,,,,
AT_Wind_Onshore,41145.0,0.0,,0.0,1.0,0,,true,false,simple,false,,,,,false,1.0,producer,,,,
AT_Solar,53129.0,0.0,,0.0,1.0,0,,true,false,simple,false,,,,,false,1.0,producer,,,,
AT_Hydro,8137.0,0.0,,0.0,1.0,0,,false,false,none,false,,,,,false,1.0,producer,,,,
AT_Gas,3260.0,0.0,,0.0,1.0,0,,false,false,none,false,0.1,0.1,0.25,true,false,1.0,producer,true,true,basic,
LU_E_ENS,2251.17408,0.0,,0.0,1.0,0,,false,false,none,false,,,,,false,1.0,producer,,,,
LU_Wind_Onshore,600.0,0.0,,0.0,1.0,0,,true,false,simple,false,,,,,false,1.0,producer,,,,
LU_Solar,2190.0,0.0,,0.0,1.0,0,,true,false,simple,false,,,,,false,1.0,producer,,,,
LU_Hydro,43.0,0.0,,0.0,1.0,0,,false,false,none,false,,,,,false,1.0,producer,,,,
CZ_E_ENS,12355.1616,0.0,,0.0,1.0,0,,false,false,none,false,,,,,false,1.0,producer,,,,
CZ_Wind_Onshore,4486.0,0.0,,0.0,1.0,0,,true,false,simple,false,,,,,false,1.0,producer,,,,
CZ_Solar,22485.0,0.0,,0.0,1.0,0,,true,false,simple,false,,,,,false,1.0,producer,,,,
CZ_Hydro,953.0,0.0,,0.0,1.0,0,,false,false,none,false,,,,,false,1.0,producer,,,,
CZ_Nuclear,6983.0,0.0,,0.0,1.0,0,,false,false,none,false,0.3,0.3,0.25,true,false,1.0,producer,true,true,basic,
CZ_Coal,0.0,0.0,,0.0,1.0,0,,false,false,none,false,0.5,0.5,0.25,true,false,1.0,producer,true,true,basic,
CZ_Gas,2613.0,0.0,,0.0,1.0,0,,false,false,none,false,0.1,0.1,0.25,true,false,1.0,producer,true,true,basic,
PL_E_ENS,33646.76534,0.0,,0.0,1.0,0,,false,false,none,false,,,,,false,1.0,producer,,,,
PL_Wind_Onshore,62000.0,0.0,,0.0,1.0,0,,true,false,simple,false,,,,,false,1.0,producer,,,,
PL_Wind_Offshore,10900.0,0.0,,0.0,1.0,0,,true,false,simple,false,,,,,false,1.0,producer,,,,
PL_Solar,54303.0,0.0,,0.0,1.0,0,,true,false,simple,false,,,,,false,1.0,producer,,,,
PL_Hydro,794.0,0.0,,0.0,1.0,0,,false,false,none,false,,,,,false,1.0,producer,,,,
PL_Coal,2496.0,0.0,,0.0,1.0,0,,false,false,none,false,0.5,0.5,0.25,true,false,1.0,producer,true,true,basic,
PL_Gas,8223.0,0.0,,0.0,1.0,0,,false,false,none,false,0.1,0.1,0.25,true,false,1.0,producer,true,true,basic,
SE_E_ENS,30500.3913,0.0,,0.0,1.0,0,,false,false,none,false,,,,,false,1.0,producer,,,,
SE_Wind_Onshore,49100.0,0.0,,0.0,1.0,0,,true,false,simple,false,,,,,false,1.0,producer,,,,
SE_Wind_Offshore,14600.0,0.0,,0.0,1.0,0,,true,false,simple,false,,,,,false,1.0,producer,,,,
SE_Solar,46500.0,0.0,,0.0,1.0,0,,true,false,simple,false,,,,,false,1.0,producer,,,,
SE_Nuclear,11600.0,0.0,,0.0,1.0,0,,false,false,none,false,0.3,0.3,0.25,true,false,1.0,producer,true,true,basic,
SE_Gas,0.0,0.0,,0.0,1.0,0,,false,false,none,false,0.1,0.1,0.25,true,false,1.0,producer,true,true,basic,
SE_OCGT,97.0,0.0,,0.0,1.0,0,,false,false,none,false,0.1,0.1,0.25,true,false,1.0,producer,true,true,basic,
NO_E_ENS,30109.65055,0.0,,0.0,1.0,0,,false,false,none,false,,,,,false,1.0,producer,,,,
NO_Wind_Onshore,6924.0,0.0,,0.0,1.0,0,,true,false,simple,false,,,,,false,1.0,producer,,,,
NO_Wind_Offshore,9947.0,0.0,,0.0,1.0,0,,true,false,simple,false,,,,,false,1.0,producer,,,,
NO_Solar,11940.0,0.0,,0.0,1.0,0,,true,false,simple,false,,,,,false,1.0,producer,,,,
ES_E_ENS,47849.08992,0.0,,0.0,1.0,0,,false,false,none,false,,,,,false,1.0,producer,,,,
ES_Wind_Onshore,99549.0,0.0,,0.0,1.0,0,,true,false,simple,false,,,,,false,1.0,producer,,,,
ES_Wind_Offshore,5711.0,0.0,,0.0,1.0,0,,true,false,simple,false,,,,,false,1.0,producer,,,,
ES_Solar,148297.0,0.0,,0.0,1.0,0,,true,false,simple,false,,,,,false,1.0,producer,,,,
ES_Hydro,14839.0,0.0,,0.0,1.0,0,,false,false,none,false,,,,,false,1.0,producer,,,,
ES_Nuclear,0.0,0.0,,0.0,1.0,0,,false,false,none,false,0.3,0.3,0.25,true,false,1.0,producer,true,true,basic,
ES_Gas,14920.0,0.0,,0.0,1.0,0,,false,false,none,false,0.1,0.1,0.25,true,false,1.0,producer,true,true,basic,
PT_E_ENS,18910.67469,0.0,,0.0,1.0,0,,false,false,none,false,,,,,false,1.0,producer,,,,
PT_Wind_Onshore,13000.0,0.0,,0.0,1.0,0,,true,false,simple,false,,,,,false,1.0,producer,,,,
PT_Wind_Offshore,9978.0,0.0,,0.0,1.0,0,,true,false,simple,false,,,,,false,1.0,producer,,,,
PT_Solar,29000.0,0.0,,0.0,1.0,0,,true,false,simple,false,,,,,false,1.0,producer,,,,
PT_Hydro,4271.0,0.0,,0.0,1.0,0,,false,false,none,false,,,,,false,1.0,producer,,,,
PT_Gas,0.0,0.0,,0.0,1.0,0,,false,false,none,false,0.1,0.1,0.25,true,false,1.0,producer,true,true,basic,
IT_E_ENS,71136.5182,0.0,,0.0,1.0,0,,false,false,none,false,,,,,false,1.0,producer,,,,
IT_Wind_Onshore,38210.0,0.0,,0.0,1.0,0,,true,false,simple,false,,,,,false,1.0,producer,,,,
IT_Wind_Offshore,18500.0,0.0,,0.0,1.0,0,,true,false,simple,false,,,,,false,1.0,producer,,,,
IT_Solar,236134.0,0.0,,0.0,1.0,0,,true,false,simple,false,,,,,false,1.0,producer,,,,
IT_Hydro,15846.0,0.0,,0.0,1.0,0,,false,false,none,false,,,,,false,1.0,producer,,,,
IT_Gas,41910.0,0.0,,0.0,1.0,0,,false,false,none,false,0.1,0.1,0.25,true,false,1.0,producer,true,true,basic,
IT_OCGT,4320.0,0.0,,0.0,1.0,0,,false,false,none,false,0.1,0.1,0.25,true,false,1.0,producer,true,true,basic,
MT_E_ENS,623.6784,0.0,,0.0,1.0,0,,false,false,none,false,,,,,false,1.0,producer,,,,
MT_Solar,374.0,0.0,,0.0,1.0,0,,true,false,simple,false,,,,,false,1.0,producer,,,,
MT_Gas,450.0,0.0,,0.0,1.0,0,,false,false,none,false,0.1,0.1,0.25,true,false,1.0,producer,true,true,basic,
SI_E_ENS,3143.9856,0.0,,0.0,1.0,0,,false,false,none,false,,,,,false,1.0,producer,,,,
SI_Wind_Onshore,7554.0,0.0,,0.0,1.0,0,,true,false,simple,false,,,,,false,1.0,producer,,,,
SI_Wind_Offshore,3200.0,0.0,,0.0,1.0,0,,false,false,none,false,,,,,false,1.0,producer,,,,
SI_Solar,35948.0,0.0,,0.0,1.0,0,,true,false,simple,false,,,,,false,1.0,producer,,,,
SI_Hydro,312.0,0.0,,0.0,1.0,0,,false,false,none,false,,,,,false,1.0,producer,,,,
SI_Nuclear,1100.0,0.0,,0.0,1.0,0,,false,false,none,false,0.3,0.3,0.25,true,false,1.0,producer,true,true,basic,
SI_Coal,575.0,0.0,,0.0,1.0,0,,false,false,none,false,0.5,0.5,0.25,true,false,1.0,producer,true,true,basic,
SI_Gas,2282.0,0.0,,0.0,1.0,0,,false,false,none,false,0.1,0.1,0.25,true,false,1.0,producer,true,true,basic,
SI_OCGT,1126.0,0.0,,0.0,1.0,0,,false,false,none,false,0.1,0.1,0.25,true,false,1.0,producer,true,true,basic,
HU_E_ENS,12134.8298,0.0,,0.0,1.0,0,,false,false,none,false,,,,,false,1.0,producer,,,,
HU_Wind_Onshore,3000.0,0.0,,0.0,1.0,0,,true,false,simple,false,,,,,false,1.0,producer,,,,
HU_Solar,23396.0,0.0,,0.0,1.0,0,,true,false,simple,false,,,,,false,1.0,producer,,,,
HU_Hydro,64.0,0.0,,0.0,1.0,0,,false,false,none,false,,,,,false,1.0,producer,,,,
HU_Nuclear,2360.0,0.0,,0.0,1.0,0,,false,false,none,false,0.3,0.3,0.25,true,false,1.0,producer,true,true,basic,
HU_Gas,3070.0,0.0,,0.0,1.0,0,,false,false,none,false,0.1,0.1,0.25,true,false,1.0,producer,true,true,basic,
HU_OCGT,154.0,0.0,,0.0,1.0,0,,false,false,none,false,0.1,0.1,0.25,true,false,1.0,producer,true,true,basic,
SK_E_ENS,6358.4868,0.0,,0.0,1.0,0,,false,false,none,false,,,,,false,1.0,producer,,,,
SK_Wind_Onshore,2000.0,0.0,,0.0,1.0,0,,true,false,simple,false,,,,,false,1.0,producer,,,,
SK_Solar,5000.0,0.0,,0.0,1.0,0,,true,false,simple,false,,,,,false,1.0,producer,,,,
SK_Hydro,1446.0,0.0,,0.0,1.0,0,,false,false,none,false,,,,,false,1.0,producer,,,,
SK_Nuclear,3096.0,0.0,,0.0,1.0,0,,false,false,none,false,0.3,0.3,0.25,true,false,1.0,producer,true,true,basic,
SK_Coal,251.0,0.0,,0.0,1.0,0,,false,false,none,false,0.5,0.5,0.25,true,false,1.0,producer,true,true,basic,
SK_Gas,1341.0,0.0,,0.0,1.0,0,,false,false,none,false,0.1,0.1,0.25,true,false,1.0,producer,true,true,basic,
LT_E_ENS,2850.6005,0.0,,0.0,1.0,0,,false,false,none,false,,,,,false,1.0,producer,,,,
LT_Wind_Onshore,5650.0,0.0,,0.0,1.0,0,,true,false,simple,false,,,,,false,1.0,producer,,,,
LT_Wind_Offshore,7600.0,0.0,,0.0,1.0,0,,true,false,simple,false,,,,,false,1.0,producer,,,,
LT_Solar,7576.0,0.0,,0.0,1.0,0,,true,false,simple,false,,,,,false,1.0,producer,,,,
LT_Hydro,126.0,0.0,,0.0,1.0,0,,false,false,none,false,,,,,false,1.0,producer,,,,
LT_Gas,293.0,0.0,,0.0,1.0,0,,false,false,none,false,0.1,0.1,0.25,true,false,1.0,producer,true,true,basic,
LV_E_ENS,2112.9151,0.0,,0.0,1.0,0,,false,false,none,false,,,,,false,1.0,producer,,,,
LV_Wind_Onshore,352.0,0.0,,0.0,1.0,0,,true,false,simple,false,,,,,false,1.0,producer,,,,
LV_Wind_Offshore,7500.0,0.0,,0.0,1.0,0,,true,false,simple,false,,,,,false,1.0,producer,,,,
LV_Solar,605.0,0.0,,0.0,1.0,0,,true,false,simple,false,,,,,false,1.0,producer,,,,
LV_Hydro,0.0,0.0,,0.0,1.0,0,,false,false,none,false,,,,,false,1.0,producer,,,,
LV_Gas,73.0,0.0,,0.0,1.0,0,,false,false,none,false,0.1,0.1,0.25,true,false,1.0,producer,true,true,basic,
EE_E_ENS,2493.6576,0.0,,0.0,1.0,0,,false,false,none,false,,,,,false,1.0,producer,,,,
EE_Wind_Onshore,861.0,0.0,,0.0,1.0,0,,true,false,simple,false,,,,,false,1.0,producer,,,,
EE_Wind_Offshore,6999.0,0.0,,0.0,1.0,0,,true,false,simple,false,,,,,false,1.0,producer,,,,
EE_Solar,3520.0,0.0,,0.0,1.0,0,,true,false,simple,false,,,,,false,1.0,producer,,,,
FI_E_ENS,20200.0318,0.0,,0.0,1.0,0,,false,false,none,false,,,,,false,1.0,producer,,,,
FI_Wind_Onshore,87909.0,0.0,,0.0,1.0,0,,true,false,simple,false,,,,,false,1.0,producer,,,,
FI_Wind_Offshore,12000.0,0.0,,0.0,1.0,0,,true,false,simple,false,,,,,false,1.0,producer,,,,
FI_Solar,47767.0,0.0,,0.0,1.0,0,,true,false,simple,false,,,,,false,1.0,producer,,,,
FI_Nuclear,10000.0,0.0,,0.0,1.0,0,,false,false,none,false,0.3,0.3,0.25,true,false,1.0,producer,true,true,basic,
FI_Gas,234.0,0.0,,0.0,1.0,0,,false,false,none,false,0.1,0.1,0.25,true,false,1.0,producer,true,true,basic,
FI_OCGT,87.0,0.0,,0.0,1.0,0,,false,false,none,false,0.1,0.1,0.25,true,false,1.0,producer,true,true,basic,
HR_E_ENS,3695.2681,0.0,,0.0,1.0,0,,false,false,none,false,,,,,false,1.0,producer,,,,
HR_Wind_Onshore,3000.0,0.0,,0.0,1.0,0,,true,false,simple,false,,,,,false,1.0,producer,,,,
HR_Wind_Offshore,2896.0,0.0,,0.0,1.0,0,,false,false,none,false,,,,,false,1.0,producer,,,,
HR_Solar,3188.0,0.0,,0.0,1.0,0,,true,false,simple,false,,,,,false,1.0,producer,,,,
HR_Hydro,2011.0,0.0,,0.0,1.0,0,,false,false,none,false,,,,,false,1.0,producer,,,,
HR_Coal,0.0,0.0,,0.0,1.0,0,,false,false,none,false,0.5,0.5,0.25,true,false,1.0,producer,true,true,basic,
HR_Gas,0.0,0.0,,0.0,1.0,0,,false,false,none,false,0.1,0.1,0.25,true,false,1.0,producer,true,true,basic,
GR_E_ENS,14331.0508,0.0,,0.0,1.0,0,,false,false,none,false,,,,,false,1.0,producer,,,,
GR_Wind_Onshore,27500.0,0.0,,0.0,1.0,0,,true,false,simple,false,,,,,false,1.0,producer,,,,
GR_Wind_Offshore,17500.0,0.0,,0.0,1.0,0,,true,false,simple,false,,,,,false,1.0,producer,,,,
GR_Solar,46500.0,0.0,,0.0,1.0,0,,true,false,simple,false,,,,,false,1.0,producer,,,,
GR_Hydro,3522.0,0.0,,0.0,1.0,0,,false,false,none,false,,,,,false,1.0,producer,,,,
GR_Gas,5037.0,0.0,,0.0,1.0,0,,false,false,none,false,0.1,0.1,0.25,true,false,1.0,producer,true,true,basic,
GR_OCGT,0.0,0.0,,0.0,1.0,0,,false,false,none,false,0.1,0.1,0.25,true,false,1.0,producer,true,true,basic,
BG_E_ENS,6792.4289,0.0,,0.0,1.0,0,,false,false,none,false,,,,,false,1.0,producer,,,,
BG_Wind_Onshore,9000.0,0.0,,0.0,1.0,0,,true,false,simple,false,,,,,false,1.0,producer,,,,
BG_Solar,9110.0,0.0,,0.0,1.0,0,,true,false,simple,false,,,,,false,1.0,producer,,,,
BG_Hydro,1817.0,0.0,,0.0,1.0,0,,false,false,none,false,,,,,false,1.0,producer,,,,
BG_Nuclear,2000.0,0.0,,0.0,1.0,0,,false,false,none,false,0.3,0.3,0.25,true,false,1.0,producer,true,true,basic,
BG_Coal,1004.0,0.0,,0.0,1.0,0,,false,false,none,false,0.5,0.5,0.25,true,false,1.0,producer,true,true,basic,
BG_Gas,2315.0,0.0,,0.0,1.0,0,,false,false,none,false,0.1,0.1,0.25,true,false,1.0,producer,true,true,basic,
BG_OCGT,20.0,0.0,,0.0,1.0,0,,false,false,none,false,0.1,0.1,0.25,true,false,1.0,producer,true,true,basic,
RO_E_ENS,14269.1448,0.0,,0.0,1.0,0,,false,false,none,false,,,,,false,1.0,producer,,,,
RO_Wind_Onshore,9000.0,0.0,,0.0,1.0,0,,true,false,simple,false,,,,,false,1.0,producer,,,,
RO_Wind_Offshore,1000.0,0.0,,0.0,1.0,0,,false,false,none,false,,,,,false,1.0,producer,,,,
RO_Solar,34194.0,0.0,,0.0,1.0,0,,true,false,simple,false,,,,,false,1.0,producer,,,,
RO_Hydro,5958.0,0.0,,0.0,1.0,0,,false,false,none,false,,,,,false,1.0,producer,,,,
RO_Nuclear,3087.0,0.0,,0.0,1.0,0,,false,false,none,false,0.3,0.3,0.25,true,false,1.0,producer,true,true,basic,
RO_Coal,0.0,0.0,,0.0,1.0,0,,false,false,none,false,0.5,0.5,0.25,true,false,1.0,producer,true,true,basic,
RO_Gas,5840.0,0.0,,0.0,1.0,0,,false,false,none,false,0.1,0.1,0.25,true,false,1.0,producer,true,true,basic,
RO_OCGT,167.0,0.0,,0.0,1.0,0,,false,false,none,false,0.1,0.1,0.25,true,false,1.0,producer,true,true,basic,
CY_E_ENS,1269.453,0.0,,0.0,1.0,0,,false,false,none,false,,,,,false,1.0,producer,,,,
CY_Wind_Onshore,400.0,0.0,,0.0,1.0,0,,true,false,simple,false,,,,,false,1.0,producer,,,,
CY_Solar,2273.0,0.0,,0.0,1.0,0,,true,false,simple,false,,,,,false,1.0,producer,,,,
CY_Gas,524.0,0.0,,0.0,1.0,0,,false,false,none,false,0.1,0.1,0.25,true,false,1.0,producer,true,true,basic,
OBZLL_Wind_Offshore,2000.0,0.0,,0.0,1.0,0,,false,false,none,false,,,,,false,1.0,producer,,,,
EU_SMR_CCS,999999999.0,0.0,,0.0,1.0,0,,false,false,none,false,,,,,false,1.0,producer,,,,
NL_Battery,52294.0,156882.0,,0.0,1.0,0,,true,false,simple,false,,,,,false,1.0,storage,,,,
BE_Battery,1130.0,3390.0,,0.0,1.0,0,,true,false,simple,false,,,,,false,1.0,storage,,,,
DE_Hydro_Reservoir,1297.0,258600.0,,0.0,1.0,0,,false,false,none,true,,,,,false,1.0,storage,,,,
DE_Battery,111097.0,333291.0,,0.0,1.0,0,,true,false,simple,false,,,,,false,1.0,storage,,,,
DE_Pump_Hydro_Closed,7382.0,242200.0,,0.0,1.0,0,,false,false,none,true,,,,,false,1.0,storage,,,,
DE_Pump_Hydro_Open,1644.0,416700.0,,0.0,1.0,0,,false,false,none,true,,,,,false,1.0,storage,,,,
FR_Hydro_Reservoir,8785.0,10000000.0,,0.0,1.0,0,,false,false,none,true,,,,,false,1.0,storage,,,,
FR_Pump_Hydro_Closed,1950.0,10000.0,,0.0,1.0,0,,false,false,none,true,,,,,false,1.0,storage,,,,
FR_Pump_Hydro_Open,1850.0,90000.0,,0.0,1.0,0,,false,false,none,true,,,,,false,1.0,storage,,,,
UK_Battery,12932.0,38796.0,,0.0,1.0,0,,true,false,simple,false,,,,,false,1.0,storage,,,,
UK_Pump_Hydro_Closed,2744.0,26400.0,,0.0,1.0,0,,false,false,none,true,,,,,false,1.0,storage,,,,
IE_Battery,52206.0,156618.0,,0.0,1.0,0,,true,false,simple,false,,,,,false,1.0,storage,,,,
IE_Pump_Hydro_Closed,292.0,1700.0,,0.0,1.0,0,,false,false,none,true,,,,,false,1.0,storage,,,,
CH_Battery,5050.0,15150.0,,0.0,1.0,0,,true,false,simple,false,,,,,false,1.0,storage,,,,
CH_Pump_Hydro_Closed,2170.0,70000.0,,0.0,1.0,0,,false,false,none,true,,,,,false,1.0,storage,,,,
CH_Pump_Hydro_Open,10732.0,8800000.0,,0.0,1.0,0,,false,false,none,true,,,,,false,1.0,storage,,,,
AT_Hydro_Reservoir,2489.0,757000.0,,0.0,1.0,0,,false,false,none,true,,,,,false,1.0,storage,,,,
AT_Battery,304.0,912.0,,0.0,1.0,0,,true,false,simple,false,,,,,false,1.0,storage,,,,
AT_Pump_Hydro_Closed,300.0,1800.0,,0.0,1.0,0,,false,false,none,true,,,,,false,1.0,storage,,,,
AT_Pump_Hydro_Open,5793.0,1732600.0,,0.0,1.0,0,,false,false,none,true,,,,,false,1.0,storage,,,,
LU_Pump_Hydro_Closed,1310.0,5000.0,,0.0,1.0,0,,false,false,none,true,,,,,false,1.0,storage,,,,
CZ_Hydro_Reservoir,698.0,2500.0,,0.0,1.0,0,,false,false,none,true,,,,,false,1.0,storage,,,,
CZ_Battery,3610.0,10830.0,,0.0,1.0,0,,true,false,simple,false,,,,,false,1.0,storage,,,,
CZ_Pump_Hydro_Closed,688.0,3700.0,,0.0,1.0,0,,false,false,none,true,,,,,false,1.0,storage,,,,
CZ_Pump_Hydro_Open,470.0,2300.0,,0.0,1.0,0,,false,false,none,true,,,,,false,1.0,storage,,,,
PL_Hydro_Reservoir,272.0,800.0,,0.0,1.0,0,,false,false,none,true,,,,,false,1.0,storage,,,,
PL_Pump_Hydro_Closed,1323.0,6300.0,,0.0,1.0,0,,false,false,none,true,,,,,false,1.0,storage,,,,
PL_Pump_Hydro_Open,216.0,1500.0,,0.0,1.0,0,,false,false,none,true,,,,,false,1.0,storage,,,,
SE_Hydro_Reservoir,16447.0,31931326.0,,0.0,1.0,0,,false,false,none,true,,,,,false,1.0,storage,,,,
SE_Battery,543.0,1629.0,,0.0,1.0,0,,true,false,simple,false,,,,,false,1.0,storage,,,,
NO_Pump_Hydro_Open,760.0,4560.0,,0.0,1.0,0,,false,false,none,true,,,,,false,1.0,storage,,,,
NO_Hydro_Reservoir,30728.0,89577400.0,,0.0,1.0,0,,false,false,none,true,,,,,false,1.0,storage,,,,
ES_Hydro_Reservoir,10972.0,11648500.0,,0.0,1.0,0,,false,false,none,true,,,,,false,1.0,storage,,,,
ES_Battery,32000.0,96000.0,,0.0,1.0,0,,true,false,simple,false,,,,,false,1.0,storage,,,,
ES_Pump_Hydro_Closed,6866.0,99000.0,,0.0,1.0,0,,false,false,none,true,,,,,false,1.0,storage,,,,
ES_Pump_Hydro_Open,2683.0,5961900.0,,0.0,1.0,0,,false,false,none,true,,,,,false,1.0,storage,,,,
PT_Hydro_Reservoir,3766.0,1289600.0,,0.0,1.0,0,,false,false,none,true,,,,,false,1.0,storage,,,,
PT_Pump_Hydro_Open,3832.0,2017900.0,,0.0,1.0,0,,false,false,none,true,,,,,false,1.0,storage,,,,
IT_Hydro_Reservoir,9576.0,5567850.0,,0.0,1.0,0,,false,false,none,true,,,,,false,1.0,storage,,,,
IT_Battery,142781.0,428343.0,,0.0,1.0,0,,true,false,simple,false,,,,,false,1.0,storage,,,,
IT_Pump_Hydro_Closed,6200.0,63000.0,,0.0,1.0,0,,false,false,none,true,,,,,false,1.0,storage,,,,
IT_Pump_Hydro_Open,3254.0,288990.0,,0.0,1.0,0,,false,false,none,true,,,,,false,1.0,storage,,,,
SI_Battery,65.0,195.0,,0.0,1.0,0,,true,false,simple,false,,,,,false,1.0,storage,,,,
SI_Pump_Hydro_Closed,180.0,2600.0,,0.0,1.0,0,,false,false,none,true,,,,,false,1.0,storage,,,,
HU_Battery,954.0,2862.0,,0.0,1.0,0,,true,false,simple,false,,,,,false,1.0,storage,,,,
SK_Hydro_Reservoir,21.0,17242.0,,0.0,1.0,0,,false,false,none,true,,,,,false,1.0,storage,,,,
SK_Pump_Hydro_Closed,650.0,4100.0,,0.0,1.0,0,,false,false,none,true,,,,,false,1.0,storage,,,,
SK_Pump_Hydro_Open,276.0,45550.0,,0.0,1.0,0,,false,false,none,true,,,,,false,1.0,storage,,,,
LT_Battery,3658.0,10974.0,,0.0,1.0,0,,true,false,simple,false,,,,,false,1.0,storage,,,,
LT_Pump_Hydro_Closed,930.0,10600.0,,0.0,1.0,0,,false,false,none,true,,,,,false,1.0,storage,,,,
FI_Hydro_Reservoir,3237.0,5530000.0,,0.0,1.0,0,,false,false,none,true,,,,,false,1.0,storage,,,,
FI_Battery,5887.0,17661.0,,0.0,1.0,0,,true,false,simple,false,,,,,false,1.0,storage,,,,
HR_Hydro_Reservoir,1941.0,2045900.0,,0.0,1.0,0,,false,false,none,true,,,,,false,1.0,storage,,,,
HR_Battery,365.0,1095.0,,0.0,1.0,0,,true,false,simple,false,,,,,false,1.0,storage,,,,
HR_Pump_Hydro_Open,281.0,18300.0,,0.0,1.0,0,,false,false,none,true,,,,,false,1.0,storage,,,,
GR_Hydro_Reservoir,2744.0,3600000.0,,0.0,1.0,0,,false,false,none,true,,,,,false,1.0,storage,,,,
GR_Battery,33048.0,99144.0,,0.0,1.0,0,,true,false,simple,false,,,,,false,1.0,storage,,,,
GR_Pump_Hydro_Closed,680.0,0.0,,0.0,1.0,0,,false,false,none,true,,,,,false,1.0,storage,,,,
GR_Pump_Hydro_Open,699.0,4500.0,,0.0,1.0,0,,false,false,none,true,,,,,false,1.0,storage,,,,
BG_Hydro_Reservoir,1281.0,843000.0,,0.0,1.0,0,,false,false,none,true,,,,,false,1.0,storage,,,,
BG_Pump_Hydro_Closed,864.0,9400.0,,0.0,1.0,0,,false,false,none,true,,,,,false,1.0,storage,,,,
BG_Pump_Hydro_Open,535.0,255300.0,,0.0,1.0,0,,false,false,none,true,,,,,false,1.0,storage,,,,
RO_Hydro_Reservoir,2579.0,2425300.0,,0.0,1.0,0,,false,false,none,true,,,,,false,1.0,storage,,,,
RO_Battery,1346.0,4038.0,,0.0,1.0,0,,true,false,simple,false,,,,,false,1.0,storage,,,,
RO_Pump_Hydro_Open,839.0,1506400.0,,0.0,1.0,0,,false,false,none,true,,,,,false,1.0,storage,,,,
CY_Battery,3076.0,9228.0,,0.0,1.0,0,,true,false,simple,false,,,,,false,1.0,storage,,,,
DK_Battery,1850.0,5550.0,,0.0,1.0,0,,true,false,simple,false,,,,,false,1.0,storage,,,,
BG_Battery,4923.0,14769.0,,0.0,1.0,0,,true,false,simple,false,,,,,false,1.0,storage,,,,
FR_Battery,24461.0,73383.0,,0.0,1.0,0,,true,false,simple,false,,,,,false,1.0,storage,,,,
LV_Battery,149.0,447.0,,0.0,1.0,0,,true,false,simple,false,,,,,false,1.0,storage,,,,
PT_Battery,3294.0,9882.0,,0.0,1.0,0,,true,false,simple,false,,,,,false,1.0,storage,,,,
SK_Battery,2462.0,7386.0,,0.0,1.0,0,,true,false,simple,false,,,,,false,1.0,storage,,,,
