id,asset,year,rep_period,time_block_start,time_block_end,dual_max_input_flows_limit_simple_method
1,AT_Battery,2030,1,1,5,0.0
2,AT_Battery,2030,1,6,10,0.0
3,AT_Battery,2030,1,11,15,0.0
4,AT_Battery,2030,1,16,24,0.0
5,AT_Battery,2030,2,1,5,0.0
6,AT_Battery,2030,2,6,10,0.0
7,AT_Battery,2030,2,11,15,0.0
8,AT_Battery,2030,2,16,24,0.0
9,AT_Battery,2030,3,1,5,0.0
10,AT_Battery,2030,3,6,10,0.0
11,AT_Battery,2030,3,11,15,-6.847165705666303
12,AT_Battery,2030,3,16,24,0.0
13,AT_Battery,2030,4,1,5,0.0
14,AT_Battery,2030,4,6,10,0.0
15,AT_Battery,2030,4,11,15,0.0
16,AT_Battery,2030,4,16,24,0.0
17,AT_Battery,2030,5,1,5,0.0
18,AT_Battery,2030,5,6,10,0.0
19,AT_Battery,2030,5,11,15,0.0
20,AT_Battery,2030,5,16,24,0.0
21,AT_Battery,2030,6,1,5,0.0
22,AT_Battery,2030,6,6,10,0.0
23,AT_Battery,2030,6,11,15,0.0
24,AT_Battery,2030,6,16,24,0.0
25,AT_Battery,2030,7,1,5,0.0
26,AT_Battery,2030,7,6,10,0.0
27,AT_Battery,2030,7,11,15,0.0
28,AT_Battery,2030,7,16,24,0.0
29,AT_Battery,2030,8,1,5,0.0
30,AT_Battery,2030,8,6,10,0.0
31,AT_Battery,2030,8,11,15,-2.7435000000000005
32,AT_Battery,2030,8,16,24,0.0
33,AT_Battery,2030,9,1,5,0.0
34,AT_Battery,2030,9,6,10,0.0
35,AT_Battery,2030,9,11,15,0.0
36,AT_Battery,2030,9,16,24,0.0
37,AT_Battery,2030,10,1,5,0.0
38,AT_Battery,2030,10,6,10,0.0
39,AT_Battery,2030,10,11,15,0.0
40,AT_Battery,2030,10,16,24,0.0
41,BE_Battery,2030,1,1,5,0.0
42,BE_Battery,2030,1,6,10,0.0
43,BE_Battery,2030,1,11,15,0.0
44,BE_Battery,2030,1,16,24,0.0
45,BE_Battery,2030,2,1,5,0.0
46,BE_Battery,2030,2,6,10,0.0
47,BE_Battery,2030,2,11,15,0.0
48,BE_Battery,2030,2,16,24,0.0
49,BE_Battery,2030,3,1,5,0.0
50,BE_Battery,2030,3,6,10,0.0
51,BE_Battery,2030,3,11,15,0.0
52,BE_Battery,2030,3,16,24,0.0
53,BE_Battery,2030,4,1,5,0.0
54,BE_Battery,2030,4,6,10,0.0
55,BE_Battery,2030,4,11,15,-1.759500000000001
56,BE_Battery,2030,4,16,24,0.0
57,BE_Battery,2030,5,1,5,0.0
58,BE_Battery,2030,5,6,10,0.0
59,BE_Battery,2030,5,11,15,0.0
60,BE_Battery,2030,5,16,24,0.0
61,BE_Battery,2030,6,1,5,0.0
62,BE_Battery,2030,6,6,10,0.0
63,BE_Battery,2030,6,11,15,0.0
64,BE_Battery,2030,6,16,24,0.0
65,BE_Battery,2030,7,1,5,0.0
66,BE_Battery,2030,7,6,10,0.0
67,BE_Battery,2030,7,11,15,0.0
68,BE_Battery,2030,7,16,24,0.0
69,BE_Battery,2030,8,1,5,0.0
70,BE_Battery,2030,8,6,10,0.0
71,BE_Battery,2030,8,11,15,0.0
72,BE_Battery,2030,8,16,24,0.0
73,BE_Battery,2030,9,1,5,0.0
74,BE_Battery,2030,9,6,10,0.0
75,BE_Battery,2030,9,11,15,0.0
76,BE_Battery,2030,9,16,24,0.0
77,BE_Battery,2030,10,1,5,0.0
78,BE_Battery,2030,10,6,10,0.0
79,BE_Battery,2030,10,11,15,0.0
80,BE_Battery,2030,10,16,24,0.0
81,BG_Battery,2030,1,1,5,0.0
82,BG_Battery,2030,1,6,10,0.0
83,BG_Battery,2030,1,11,15,0.0
84,BG_Battery,2030,1,16,24,0.0
85,BG_Battery,2030,2,1,5,0.0
86,BG_Battery,2030,2,6,10,0.0
87,BG_Battery,2030,2,11,15,0.0
88,BG_Battery,2030,2,16,24,0.0
89,BG_Battery,2030,3,1,5,0.0
90,BG_Battery,2030,3,6,10,0.0
91,BG_Battery,2030,3,11,15,0.0
92,BG_Battery,2030,3,16,24,0.0
93,BG_Battery,2030,4,1,5,0.0
94,BG_Battery,2030,4,6,10,0.0
95,BG_Battery,2030,4,11,15,0.0
96,BG_Battery,2030,4,16,24,0.0
97,BG_Battery,2030,5,1,5,0.0
98,BG_Battery,2030,5,6,10,0.0
99,BG_Battery,2030,5,11,15,0.0
100,BG_Battery,2030,5,16,24,0.0
101,BG_Battery,2030,6,1,5,0.0
102,BG_Battery,2030,6,6,10,0.0
103,BG_Battery,2030,6,11,15,0.0
104,BG_Battery,2030,6,16,24,0.0
105,BG_Battery,2030,7,1,5,0.0
106,BG_Battery,2030,7,6,10,0.0
107,BG_Battery,2030,7,11,15,0.0
108,BG_Battery,2030,7,16,24,0.0
109,BG_Battery,2030,8,1,5,0.0
110,BG_Battery,2030,8,6,10,0.0
111,BG_Battery,2030,8,11,15,0.0
112,BG_Battery,2030,8,16,24,0.0
113,BG_Battery,2030,9,1,5,0.0
114,BG_Battery,2030,9,6,10,0.0
115,BG_Battery,2030,9,11,15,0.0
116,BG_Battery,2030,9,16,24,0.0
117,BG_Battery,2030,10,1,5,0.0
118,BG_Battery,2030,10,6,10,0.0
119,BG_Battery,2030,10,11,15,0.0
120,BG_Battery,2030,10,16,24,0.0
121,CH_Battery,2030,1,1,5,0.0
122,CH_Battery,2030,1,6,10,0.0
123,CH_Battery,2030,1,11,15,0.0
124,CH_Battery,2030,1,16,24,0.0
125,CH_Battery,2030,2,1,5,0.0
126,CH_Battery,2030,2,6,10,0.0
127,CH_Battery,2030,2,11,15,0.0
128,CH_Battery,2030,2,16,24,0.0
129,CH_Battery,2030,3,1,5,0.0
130,CH_Battery,2030,3,6,10,0.0
131,CH_Battery,2030,3,11,15,0.0
132,CH_Battery,2030,3,16,24,-5.441665705666303
133,CH_Battery,2030,4,1,5,0.0
134,CH_Battery,2030,4,6,10,0.0
135,CH_Battery,2030,4,11,15,0.0
136,CH_Battery,2030,4,16,24,0.0
137,CH_Battery,2030,5,1,5,0.0
138,CH_Battery,2030,5,6,10,0.0
139,CH_Battery,2030,5,11,15,0.0
140,CH_Battery,2030,5,16,24,0.0
141,CH_Battery,2030,6,1,5,0.0
142,CH_Battery,2030,6,6,10,0.0
143,CH_Battery,2030,6,11,15,-1.593
144,CH_Battery,2030,6,16,24,0.0
145,CH_Battery,2030,7,1,5,0.0
146,CH_Battery,2030,7,6,10,0.0
147,CH_Battery,2030,7,11,15,0.0
148,CH_Battery,2030,7,16,24,0.0
149,CH_Battery,2030,8,1,5,0.0
150,CH_Battery,2030,8,6,10,0.0
151,CH_Battery,2030,8,11,15,0.0
152,CH_Battery,2030,8,16,24,0.0
153,CH_Battery,2030,9,1,5,0.0
154,CH_Battery,2030,9,6,10,0.0
155,CH_Battery,2030,9,11,15,0.0
156,CH_Battery,2030,9,16,24,0.0
157,CH_Battery,2030,10,1,5,0.0
158,CH_Battery,2030,10,6,10,0.0
159,CH_Battery,2030,10,11,15,0.0
160,CH_Battery,2030,10,16,24,0.0
161,CY_Battery,2030,1,1,5,0.0
162,CY_Battery,2030,1,6,10,0.0
163,CY_Battery,2030,1,11,15,-7.771501265803572
164,CY_Battery,2030,1,16,24,-1.1480482326658188
165,CY_Battery,2030,2,1,5,0.0
166,CY_Battery,2030,2,6,10,0.0
167,CY_Battery,2030,2,11,15,0.0
168,CY_Battery,2030,2,16,24,0.0
169,CY_Battery,2030,3,1,5,0.0
170,CY_Battery,2030,3,6,10,-1.2021162071969127
171,CY_Battery,2030,3,11,15,0.0
172,CY_Battery,2030,3,16,24,0.0
173,CY_Battery,2030,4,1,5,0.0
174,CY_Battery,2030,4,6,10,0.0
175,CY_Battery,2030,4,11,15,0.0
176,CY_Battery,2030,4,16,24,0.0
177,CY_Battery,2030,5,1,5,0.0
178,CY_Battery,2030,5,6,10,0.0
179,CY_Battery,2030,5,11,15,0.0
180,CY_Battery,2030,5,16,24,0.0
181,CY_Battery,2030,6,1,5,0.0
182,CY_Battery,2030,6,6,10,0.0
183,CY_Battery,2030,6,11,15,0.0
184,CY_Battery,2030,6,16,24,0.0
185,CY_Battery,2030,7,1,5,0.0
186,CY_Battery,2030,7,6,10,0.0
187,CY_Battery,2030,7,11,15,-3.2745
188,CY_Battery,2030,7,16,24,0.0
189,CY_Battery,2030,8,1,5,0.0
190,CY_Battery,2030,8,6,10,0.0
191,CY_Battery,2030,8,11,15,0.0
192,CY_Battery,2030,8,16,24,0.0
193,CY_Battery,2030,9,1,5,0.0
194,CY_Battery,2030,9,6,10,0.0
195,CY_Battery,2030,9,11,15,0.0
196,CY_Battery,2030,9,16,24,0.0
197,CY_Battery,2030,10,1,5,0.0
198,CY_Battery,2030,10,6,10,0.0
199,CY_Battery,2030,10,11,15,0.0
200,CY_Battery,2030,10,16,24,0.0
201,CZ_Battery,2030,1,1,5,0.0
202,CZ_Battery,2030,1,6,10,0.0
203,CZ_Battery,2030,1,11,15,0.0
204,CZ_Battery,2030,1,16,24,0.0
205,CZ_Battery,2030,2,1,5,0.0
206,CZ_Battery,2030,2,6,10,0.0
207,CZ_Battery,2030,2,11,15,0.0
208,CZ_Battery,2030,2,16,24,0.0
209,CZ_Battery,2030,3,1,5,0.0
210,CZ_Battery,2030,3,6,10,0.0
211,CZ_Battery,2030,3,11,15,0.0
212,CZ_Battery,2030,3,16,24,0.0
213,CZ_Battery,2030,4,1,5,0.0
214,CZ_Battery,2030,4,6,10,0.0
215,CZ_Battery,2030,4,11,15,-2.441208962053266
216,CZ_Battery,2030,4,16,24,0.0
217,CZ_Battery,2030,5,1,5,0.0
218,CZ_Battery,2030,5,6,10,0.0
219,CZ_Battery,2030,5,11,15,0.0
220,CZ_Battery,2030,5,16,24,0.0
221,CZ_Battery,2030,6,1,5,0.0
222,CZ_Battery,2030,6,6,10,0.0
223,CZ_Battery,2030,6,11,15,0.0
224,CZ_Battery,2030,6,16,24,0.0
225,CZ_Battery,2030,7,1,5,0.0
226,CZ_Battery,2030,7,6,10,0.0
227,CZ_Battery,2030,7,11,15,-2.8305000000000002
228,CZ_Battery,2030,7,16,24,0.0
229,CZ_Battery,2030,8,1,5,0.0
230,CZ_Battery,2030,8,6,10,0.0
231,CZ_Battery,2030,8,11,15,0.0
232,CZ_Battery,2030,8,16,24,0.0
233,CZ_Battery,2030,9,1,5,0.0
234,CZ_Battery,2030,9,6,10,0.0
235,CZ_Battery,2030,9,11,15,0.0
236,CZ_Battery,2030,9,16,24,0.0
237,CZ_Battery,2030,10,1,5,0.0
238,CZ_Battery,2030,10,6,10,0.0
239,CZ_Battery,2030,10,11,15,0.0
240,CZ_Battery,2030,10,16,24,0.0
241,DE_Battery,2030,1,1,5,0.0
242,DE_Battery,2030,1,6,10,0.0
243,DE_Battery,2030,1,11,15,0.0
244,DE_Battery,2030,1,16,24,0.0
245,DE_Battery,2030,2,1,5,0.0
246,DE_Battery,2030,2,6,10,0.0
247,DE_Battery,2030,2,11,15,0.0
248,DE_Battery,2030,2,16,24,0.0
249,DE_Battery,2030,3,1,5,0.0
250,DE_Battery,2030,3,6,10,0.0
251,DE_Battery,2030,3,11,15,0.0
252,DE_Battery,2030,3,16,24,0.0
253,DE_Battery,2030,4,1,5,0.0
254,DE_Battery,2030,4,6,10,0.0
255,DE_Battery,2030,4,11,15,0.0
256,DE_Battery,2030,4,16,24,0.0
257,DE_Battery,2030,5,1,5,0.0
258,DE_Battery,2030,5,6,10,0.0
259,DE_Battery,2030,5,11,15,0.0
260,DE_Battery,2030,5,16,24,0.0
261,DE_Battery,2030,6,1,5,0.0
262,DE_Battery,2030,6,6,10,0.0
263,DE_Battery,2030,6,11,15,0.0
264,DE_Battery,2030,6,16,24,0.0
265,DE_Battery,2030,7,1,5,0.0
266,DE_Battery,2030,7,6,10,0.0
267,DE_Battery,2030,7,11,15,0.0
268,DE_Battery,2030,7,16,24,0.0
269,DE_Battery,2030,8,1,5,0.0
270,DE_Battery,2030,8,6,10,0.0
271,DE_Battery,2030,8,11,15,0.0
272,DE_Battery,2030,8,16,24,0.0
273,DE_Battery,2030,9,1,5,0.0
274,DE_Battery,2030,9,6,10,-3.561416507445013
275,DE_Battery,2030,9,11,15,-3.8055
276,DE_Battery,2030,9,16,24,0.0
277,DE_Battery,2030,10,1,5,0.0
278,DE_Battery,2030,10,6,10,0.0
279,DE_Battery,2030,10,11,15,0.0
280,DE_Battery,2030,10,16,24,0.0
281,DK_Battery,2030,1,1,5,0.0
282,DK_Battery,2030,1,6,10,0.0
283,DK_Battery,2030,1,11,15,0.0
284,DK_Battery,2030,1,16,24,0.0
285,DK_Battery,2030,2,1,5,0.0
286,DK_Battery,2030,2,6,10,0.0
287,DK_Battery,2030,2,11,15,0.0
288,DK_Battery,2030,2,16,24,0.0
289,DK_Battery,2030,3,1,5,0.0
290,DK_Battery,2030,3,6,10,0.0
291,DK_Battery,2030,3,11,15,0.0
292,DK_Battery,2030,3,16,24,0.0
293,DK_Battery,2030,4,1,5,0.0
294,DK_Battery,2030,4,6,10,0.0
295,DK_Battery,2030,4,11,15,0.0
296,DK_Battery,2030,4,16,24,0.0
297,DK_Battery,2030,5,1,5,0.0
298,DK_Battery,2030,5,6,10,0.0
299,DK_Battery,2030,5,11,15,0.0
300,DK_Battery,2030,5,16,24,0.0
301,DK_Battery,2030,6,1,5,0.0
302,DK_Battery,2030,6,6,10,0.0
303,DK_Battery,2030,6,11,15,0.0
304,DK_Battery,2030,6,16,24,0.0
305,DK_Battery,2030,7,1,5,0.0
306,DK_Battery,2030,7,6,10,-3.2745
307,DK_Battery,2030,7,11,15,0.0
308,DK_Battery,2030,7,16,24,0.0
309,DK_Battery,2030,8,1,5,0.0
310,DK_Battery,2030,8,6,10,0.0
311,DK_Battery,2030,8,11,15,0.0
312,DK_Battery,2030,8,16,24,0.0
313,DK_Battery,2030,9,1,5,0.0
314,DK_Battery,2030,9,6,10,0.0
315,DK_Battery,2030,9,11,15,0.0
316,DK_Battery,2030,9,16,24,0.0
317,DK_Battery,2030,10,1,5,0.0
318,DK_Battery,2030,10,6,10,-10.121665705666304
319,DK_Battery,2030,10,11,15,0.0
320,DK_Battery,2030,10,16,24,0.0
321,EE_Battery,2030,1,1,5,0.0
322,EE_Battery,2030,1,6,10,0.0
323,EE_Battery,2030,1,11,15,0.0
324,EE_Battery,2030,1,16,24,0.0
325,EE_Battery,2030,2,1,5,0.0
326,EE_Battery,2030,2,6,10,0.0
327,EE_Battery,2030,2,11,15,0.0
328,EE_Battery,2030,2,16,24,0.0
329,EE_Battery,2030,3,1,5,0.0
330,EE_Battery,2030,3,6,10,0.0
331,EE_Battery,2030,3,11,15,0.0
332,EE_Battery,2030,3,16,24,0.0
333,EE_Battery,2030,4,1,5,0.0
334,EE_Battery,2030,4,6,10,0.0
335,EE_Battery,2030,4,11,15,0.0
336,EE_Battery,2030,4,16,24,0.0
337,EE_Battery,2030,5,1,5,0.0
338,EE_Battery,2030,5,6,10,0.0
339,EE_Battery,2030,5,11,15,0.0
340,EE_Battery,2030,5,16,24,0.0
341,EE_Battery,2030,6,1,5,0.0
342,EE_Battery,2030,6,6,10,0.0
343,EE_Battery,2030,6,11,15,-9.422900086565098
344,EE_Battery,2030,6,16,24,0.0
345,EE_Battery,2030,7,1,5,0.0
346,EE_Battery,2030,7,6,10,0.0
347,EE_Battery,2030,7,11,15,0.0
348,EE_Battery,2030,7,16,24,0.0
349,EE_Battery,2030,8,1,5,0.0
350,EE_Battery,2030,8,6,10,0.0
351,EE_Battery,2030,8,11,15,0.0
352,EE_Battery,2030,8,16,24,0.0
353,EE_Battery,2030,9,1,5,0.0
354,EE_Battery,2030,9,6,10,0.0
355,EE_Battery,2030,9,11,15,0.0
356,EE_Battery,2030,9,16,24,0.0
357,EE_Battery,2030,10,1,5,0.0
358,EE_Battery,2030,10,6,10,0.0
359,EE_Battery,2030,10,11,15,0.0
360,EE_Battery,2030,10,16,24,0.0
361,ES_Battery,2030,1,1,5,0.0
362,ES_Battery,2030,1,6,10,0.0
363,ES_Battery,2030,1,11,15,0.0
364,ES_Battery,2030,1,16,24,0.0
365,ES_Battery,2030,2,1,5,0.0
366,ES_Battery,2030,2,6,10,0.0
367,ES_Battery,2030,2,11,15,0.0
368,ES_Battery,2030,2,16,24,0.0
369,ES_Battery,2030,3,1,5,-2.6099999999999994
370,ES_Battery,2030,3,6,10,0.0
371,ES_Battery,2030,3,11,15,-2.6099999999999994
372,ES_Battery,2030,3,16,24,0.0
373,ES_Battery,2030,4,1,5,0.0
374,ES_Battery,2030,4,6,10,0.0
375,ES_Battery,2030,4,11,15,0.0
376,ES_Battery,2030,4,16,24,0.0
377,ES_Battery,2030,5,1,5,0.0
378,ES_Battery,2030,5,6,10,0.0
379,ES_Battery,2030,5,11,15,0.0
380,ES_Battery,2030,5,16,24,0.0
381,ES_Battery,2030,6,1,5,0.0
382,ES_Battery,2030,6,6,10,0.0
383,ES_Battery,2030,6,11,15,0.0
384,ES_Battery,2030,6,16,24,0.0
385,ES_Battery,2030,7,1,5,0.0
386,ES_Battery,2030,7,6,10,0.0
387,ES_Battery,2030,7,11,15,0.0
388,ES_Battery,2030,7,16,24,0.0
389,ES_Battery,2030,8,1,5,0.0
390,ES_Battery,2030,8,6,10,0.0
391,ES_Battery,2030,8,11,15,0.0
392,ES_Battery,2030,8,16,24,0.0
393,ES_Battery,2030,9,1,5,0.0
394,ES_Battery,2030,9,6,10,0.0
395,ES_Battery,2030,9,11,15,0.0
396,ES_Battery,2030,9,16,24,0.0
397,ES_Battery,2030,10,1,5,0.0
398,ES_Battery,2030,10,6,10,0.0
399,ES_Battery,2030,10,11,15,0.0
400,ES_Battery,2030,10,16,24,0.0
401,FI_Battery,2030,1,1,5,0.0
402,FI_Battery,2030,1,6,10,0.0
403,FI_Battery,2030,1,11,15,0.0
404,FI_Battery,2030,1,16,24,0.0
405,FI_Battery,2030,2,1,5,0.0
406,FI_Battery,2030,2,6,10,0.0
407,FI_Battery,2030,2,11,15,0.0
408,FI_Battery,2030,2,16,24,0.0
409,FI_Battery,2030,3,1,5,0.0
410,FI_Battery,2030,3,6,10,0.0
411,FI_Battery,2030,3,11,15,0.0
412,FI_Battery,2030,3,16,24,0.0
413,FI_Battery,2030,4,1,5,0.0
414,FI_Battery,2030,4,6,10,0.0
415,FI_Battery,2030,4,11,15,0.0
416,FI_Battery,2030,4,16,24,0.0
417,FI_Battery,2030,5,1,5,0.0
418,FI_Battery,2030,5,6,10,0.0
419,FI_Battery,2030,5,11,15,0.0
420,FI_Battery,2030,5,16,24,0.0
421,FI_Battery,2030,6,1,5,0.0
422,FI_Battery,2030,6,6,10,0.0
423,FI_Battery,2030,6,11,15,-1.593
424,FI_Battery,2030,6,16,24,0.0
425,FI_Battery,2030,7,1,5,0.0
426,FI_Battery,2030,7,6,10,0.0
427,FI_Battery,2030,7,11,15,0.0
428,FI_Battery,2030,7,16,24,0.0
429,FI_Battery,2030,8,1,5,0.0
430,FI_Battery,2030,8,6,10,0.0
431,FI_Battery,2030,8,11,15,0.0
432,FI_Battery,2030,8,16,24,0.0
433,FI_Battery,2030,9,1,5,0.0
434,FI_Battery,2030,9,6,10,0.0
435,FI_Battery,2030,9,11,15,0.0
436,FI_Battery,2030,9,16,24,0.0
437,FI_Battery,2030,10,1,5,0.0
438,FI_Battery,2030,10,6,10,0.0
439,FI_Battery,2030,10,11,15,0.0
440,FI_Battery,2030,10,16,24,0.0
441,FR_Battery,2030,1,1,5,0.0
442,FR_Battery,2030,1,6,10,0.0
443,FR_Battery,2030,1,11,15,0.0
444,FR_Battery,2030,1,16,24,0.0
445,FR_Battery,2030,2,1,5,0.0
446,FR_Battery,2030,2,6,10,0.0
447,FR_Battery,2030,2,11,15,0.0
448,FR_Battery,2030,2,16,24,0.0
449,FR_Battery,2030,3,1,5,0.0
450,FR_Battery,2030,3,6,10,0.0
451,FR_Battery,2030,3,11,15,0.0
452,FR_Battery,2030,3,16,24,0.0
453,FR_Battery,2030,4,1,5,0.0
454,FR_Battery,2030,4,6,10,0.0
455,FR_Battery,2030,4,11,15,0.0
456,FR_Battery,2030,4,16,24,0.0
457,FR_Battery,2030,5,1,5,0.0
458,FR_Battery,2030,5,6,10,0.0
459,FR_Battery,2030,5,11,15,0.0
460,FR_Battery,2030,5,16,24,0.0
461,FR_Battery,2030,6,1,5,0.0
462,FR_Battery,2030,6,6,10,0.0
463,FR_Battery,2030,6,11,15,0.0
464,FR_Battery,2030,6,16,24,0.0
465,FR_Battery,2030,7,1,5,0.0
466,FR_Battery,2030,7,6,10,0.0
467,FR_Battery,2030,7,11,15,0.0
468,FR_Battery,2030,7,16,24,0.0
469,FR_Battery,2030,8,1,5,0.0
470,FR_Battery,2030,8,6,10,0.0
471,FR_Battery,2030,8,11,15,0.0
472,FR_Battery,2030,8,16,24,0.0
473,FR_Battery,2030,9,1,5,0.0
474,FR_Battery,2030,9,6,10,0.0
475,FR_Battery,2030,9,11,15,0.0
476,FR_Battery,2030,9,16,24,0.0
477,FR_Battery,2030,10,1,5,0.0
478,FR_Battery,2030,10,6,10,0.0
479,FR_Battery,2030,10,11,15,0.0
480,FR_Battery,2030,10,16,24,0.0
481,GR_Battery,2030,1,1,5,0.0
482,GR_Battery,2030,1,6,10,0.0
483,GR_Battery,2030,1,11,15,0.0
484,GR_Battery,2030,1,16,24,0.0
485,GR_Battery,2030,2,1,5,0.0
486,GR_Battery,2030,2,6,10,0.0
487,GR_Battery,2030,2,11,15,0.0
488,GR_Battery,2030,2,16,24,0.0
489,GR_Battery,2030,3,1,5,0.0
490,GR_Battery,2030,3,6,10,-1.2021162071969123
491,GR_Battery,2030,3,11,15,0.0
492,GR_Battery,2030,3,16,24,0.0
493,GR_Battery,2030,4,1,5,0.0
494,GR_Battery,2030,4,6,10,0.0
495,GR_Battery,2030,4,11,15,0.0
496,GR_Battery,2030,4,16,24,0.0
497,GR_Battery,2030,5,1,5,0.0
498,GR_Battery,2030,5,6,10,0.0
499,GR_Battery,2030,5,11,15,0.0
500,GR_Battery,2030,5,16,24,0.0
501,GR_Battery,2030,6,1,5,0.0
502,GR_Battery,2030,6,6,10,-2.469222435074179
503,GR_Battery,2030,6,11,15,-1.593
504,GR_Battery,2030,6,16,24,0.0
505,GR_Battery,2030,7,1,5,0.0
506,GR_Battery,2030,7,6,10,0.0
507,GR_Battery,2030,7,11,15,-3.2745
508,GR_Battery,2030,7,16,24,0.0
509,GR_Battery,2030,8,1,5,0.0
510,GR_Battery,2030,8,6,10,0.0
511,GR_Battery,2030,8,11,15,0.0
512,GR_Battery,2030,8,16,24,0.0
513,GR_Battery,2030,9,1,5,0.0
514,GR_Battery,2030,9,6,10,0.0
515,GR_Battery,2030,9,11,15,0.0
516,GR_Battery,2030,9,16,24,0.0
517,GR_Battery,2030,10,1,5,0.0
518,GR_Battery,2030,10,6,10,0.0
519,GR_Battery,2030,10,11,15,0.0
520,GR_Battery,2030,10,16,24,0.0
521,HR_Battery,2030,1,1,5,0.0
522,HR_Battery,2030,1,6,10,0.0
523,HR_Battery,2030,1,11,15,0.0
524,HR_Battery,2030,1,16,24,0.0
525,HR_Battery,2030,2,1,5,0.0
526,HR_Battery,2030,2,6,10,0.0
527,HR_Battery,2030,2,11,15,0.0
528,HR_Battery,2030,2,16,24,0.0
529,HR_Battery,2030,3,1,5,0.0
530,HR_Battery,2030,3,6,10,0.0
531,HR_Battery,2030,3,11,15,0.0
532,HR_Battery,2030,3,16,24,0.0
533,HR_Battery,2030,4,1,5,0.0
534,HR_Battery,2030,4,6,10,0.0
535,HR_Battery,2030,4,11,15,0.0
536,HR_Battery,2030,4,16,24,0.0
537,HR_Battery,2030,5,1,5,0.0
538,HR_Battery,2030,5,6,10,0.0
539,HR_Battery,2030,5,11,15,0.0
540,HR_Battery,2030,5,16,24,0.0
541,HR_Battery,2030,6,1,5,0.0
542,HR_Battery,2030,6,6,10,0.0
543,HR_Battery,2030,6,11,15,0.0
544,HR_Battery,2030,6,16,24,0.0
545,HR_Battery,2030,7,1,5,0.0
546,HR_Battery,2030,7,6,10,0.0
547,HR_Battery,2030,7,11,15,0.0
548,HR_Battery,2030,7,16,24,0.0
549,HR_Battery,2030,8,1,5,0.0
550,HR_Battery,2030,8,6,10,0.0
551,HR_Battery,2030,8,11,15,0.0
552,HR_Battery,2030,8,16,24,0.0
553,HR_Battery,2030,9,1,5,0.0
554,HR_Battery,2030,9,6,10,0.0
555,HR_Battery,2030,9,11,15,0.0
556,HR_Battery,2030,9,16,24,0.0
557,HR_Battery,2030,10,1,5,0.0
558,HR_Battery,2030,10,6,10,0.0
559,HR_Battery,2030,10,11,15,0.0
560,HR_Battery,2030,10,16,24,0.0
561,HU_Battery,2030,1,1,5,0.0
562,HU_Battery,2030,1,6,10,0.0
563,HU_Battery,2030,1,11,15,0.0
564,HU_Battery,2030,1,16,24,0.0
565,HU_Battery,2030,2,1,5,0.0
566,HU_Battery,2030,2,6,10,0.0
567,HU_Battery,2030,2,11,15,0.0
568,HU_Battery,2030,2,16,24,0.0
569,HU_Battery,2030,3,1,5,0.0
570,HU_Battery,2030,3,6,10,0.0
571,HU_Battery,2030,3,11,15,0.0
572,HU_Battery,2030,3,16,24,0.0
573,HU_Battery,2030,4,1,5,0.0
574,HU_Battery,2030,4,6,10,0.0
575,HU_Battery,2030,4,11,15,0.0
576,HU_Battery,2030,4,16,24,0.0
577,HU_Battery,2030,5,1,5,0.0
578,HU_Battery,2030,5,6,10,0.0
579,HU_Battery,2030,5,11,15,0.0
580,HU_Battery,2030,5,16,24,0.0
581,HU_Battery,2030,6,1,5,0.0
582,HU_Battery,2030,6,6,10,0.0
583,HU_Battery,2030,6,11,15,0.0
584,HU_Battery,2030,6,16,24,0.0
585,HU_Battery,2030,7,1,5,0.0
586,HU_Battery,2030,7,6,10,0.0
587,HU_Battery,2030,7,11,15,0.0
588,HU_Battery,2030,7,16,24,0.0
589,HU_Battery,2030,8,1,5,0.0
590,HU_Battery,2030,8,6,10,0.0
591,HU_Battery,2030,8,11,15,0.0
592,HU_Battery,2030,8,16,24,0.0
593,HU_Battery,2030,9,1,5,0.0
594,HU_Battery,2030,9,6,10,0.0
595,HU_Battery,2030,9,11,15,0.0
596,HU_Battery,2030,9,16,24,0.0
597,HU_Battery,2030,10,1,5,0.0
598,HU_Battery,2030,10,6,10,0.0
599,HU_Battery,2030,10,11,15,0.0
600,HU_Battery,2030,10,16,24,0.0
601,IE_Battery,2030,1,1,5,0.0
602,IE_Battery,2030,1,6,10,0.0
603,IE_Battery,2030,1,11,15,0.0
604,IE_Battery,2030,1,16,24,0.0
605,IE_Battery,2030,2,1,5,0.0
606,IE_Battery,2030,2,6,10,0.0
607,IE_Battery,2030,2,11,15,0.0
608,IE_Battery,2030,2,16,24,0.0
609,IE_Battery,2030,3,1,5,0.0
610,IE_Battery,2030,3,6,10,0.0
611,IE_Battery,2030,3,11,15,0.0
612,IE_Battery,2030,3,16,24,0.0
613,IE_Battery,2030,4,1,5,0.0
614,IE_Battery,2030,4,6,10,0.0
615,IE_Battery,2030,4,11,15,0.0
616,IE_Battery,2030,4,16,24,0.0
617,IE_Battery,2030,5,1,5,0.0
618,IE_Battery,2030,5,6,10,0.0
619,IE_Battery,2030,5,11,15,0.0
620,IE_Battery,2030,5,16,24,0.0
621,IE_Battery,2030,6,1,5,0.0
622,IE_Battery,2030,6,6,10,0.0
623,IE_Battery,2030,6,11,15,0.0
624,IE_Battery,2030,6,16,24,0.0
625,IE_Battery,2030,7,1,5,0.0
626,IE_Battery,2030,7,6,10,0.0
627,IE_Battery,2030,7,11,15,0.0
628,IE_Battery,2030,7,16,24,0.0
629,IE_Battery,2030,8,1,5,0.0
630,IE_Battery,2030,8,6,10,0.0
631,IE_Battery,2030,8,11,15,0.0
632,IE_Battery,2030,8,16,24,0.0
633,IE_Battery,2030,9,1,5,0.0
634,IE_Battery,2030,9,6,10,0.0
635,IE_Battery,2030,9,11,15,0.0
636,IE_Battery,2030,9,16,24,0.0
637,IE_Battery,2030,10,1,5,0.0
638,IE_Battery,2030,10,6,10,0.0
639,IE_Battery,2030,10,11,15,0.0
640,IE_Battery,2030,10,16,24,0.0
641,IT_Battery,2030,1,1,5,0.0
642,IT_Battery,2030,1,6,10,0.0
643,IT_Battery,2030,1,11,15,0.0
644,IT_Battery,2030,1,16,24,0.0
645,IT_Battery,2030,2,1,5,0.0
646,IT_Battery,2030,2,6,10,0.0
647,IT_Battery,2030,2,11,15,-0.5323057219926568
648,IT_Battery,2030,2,16,24,0.0
649,IT_Battery,2030,3,1,5,0.0
650,IT_Battery,2030,3,6,10,0.0
651,IT_Battery,2030,3,11,15,0.0
652,IT_Battery,2030,3,16,24,0.0
653,IT_Battery,2030,4,1,5,0.0
654,IT_Battery,2030,4,6,10,0.0
655,IT_Battery,2030,4,11,15,0.0
656,IT_Battery,2030,4,16,24,0.0
657,IT_Battery,2030,5,1,5,0.0
658,IT_Battery,2030,5,6,10,0.0
659,IT_Battery,2030,5,11,15,0.0
660,IT_Battery,2030,5,16,24,0.0
661,IT_Battery,2030,6,1,5,0.0
662,IT_Battery,2030,6,6,10,0.0
663,IT_Battery,2030,6,11,15,-1.593
664,IT_Battery,2030,6,16,24,0.0
665,IT_Battery,2030,7,1,5,0.0
666,IT_Battery,2030,7,6,10,0.0
667,IT_Battery,2030,7,11,15,0.0
668,IT_Battery,2030,7,16,24,0.0
669,IT_Battery,2030,8,1,5,0.0
670,IT_Battery,2030,8,6,10,0.0
671,IT_Battery,2030,8,11,15,0.0
672,IT_Battery,2030,8,16,24,0.0
673,IT_Battery,2030,9,1,5,0.0
674,IT_Battery,2030,9,6,10,0.0
675,IT_Battery,2030,9,11,15,-5.992359983673644
676,IT_Battery,2030,9,16,24,0.0
677,IT_Battery,2030,10,1,5,0.0
678,IT_Battery,2030,10,6,10,0.0
679,IT_Battery,2030,10,11,15,0.0
680,IT_Battery,2030,10,16,24,0.0
681,LT_Battery,2030,1,1,5,0.0
682,LT_Battery,2030,1,6,10,0.0
683,LT_Battery,2030,1,11,15,0.0
684,LT_Battery,2030,1,16,24,0.0
685,LT_Battery,2030,2,1,5,0.0
686,LT_Battery,2030,2,6,10,0.0
687,LT_Battery,2030,2,11,15,0.0
688,LT_Battery,2030,2,16,24,0.0
689,LT_Battery,2030,3,1,5,0.0
690,LT_Battery,2030,3,6,10,0.0
691,LT_Battery,2030,3,11,15,0.0
692,LT_Battery,2030,3,16,24,0.0
693,LT_Battery,2030,4,1,5,0.0
694,LT_Battery,2030,4,6,10,0.0
695,LT_Battery,2030,4,11,15,0.0
696,LT_Battery,2030,4,16,24,0.0
697,LT_Battery,2030,5,1,5,0.0
698,LT_Battery,2030,5,6,10,0.0
699,LT_Battery,2030,5,11,15,0.0
700,LT_Battery,2030,5,16,24,0.0
701,LT_Battery,2030,6,1,5,0.0
702,LT_Battery,2030,6,6,10,0.0
703,LT_Battery,2030,6,11,15,-1.593
704,LT_Battery,2030,6,16,24,0.0
705,LT_Battery,2030,7,1,5,0.0
706,LT_Battery,2030,7,6,10,0.0
707,LT_Battery,2030,7,11,15,0.0
708,LT_Battery,2030,7,16,24,0.0
709,LT_Battery,2030,8,1,5,0.0
710,LT_Battery,2030,8,6,10,0.0
711,LT_Battery,2030,8,11,15,0.0
712,LT_Battery,2030,8,16,24,0.0
713,LT_Battery,2030,9,1,5,0.0
714,LT_Battery,2030,9,6,10,0.0
715,LT_Battery,2030,9,11,15,0.0
716,LT_Battery,2030,9,16,24,0.0
717,LT_Battery,2030,10,1,5,0.0
718,LT_Battery,2030,10,6,10,0.0
719,LT_Battery,2030,10,11,15,0.0
720,LT_Battery,2030,10,16,24,0.0
721,LU_Battery,2030,1,1,5,0.0
722,LU_Battery,2030,1,6,10,0.0
723,LU_Battery,2030,1,11,15,0.0
724,LU_Battery,2030,1,16,24,0.0
725,LU_Battery,2030,2,1,5,0.0
726,LU_Battery,2030,2,6,10,0.0
727,LU_Battery,2030,2,11,15,0.0
728,LU_Battery,2030,2,16,24,0.0
729,LU_Battery,2030,3,1,5,0.0
730,LU_Battery,2030,3,6,10,0.0
731,LU_Battery,2030,3,11,15,0.0
732,LU_Battery,2030,3,16,24,0.0
733,LU_Battery,2030,4,1,5,0.0
734,LU_Battery,2030,4,6,10,0.0
735,LU_Battery,2030,4,11,15,0.0
736,LU_Battery,2030,4,16,24,0.0
737,LU_Battery,2030,5,1,5,0.0
738,LU_Battery,2030,5,6,10,0.0
739,LU_Battery,2030,5,11,15,0.0
740,LU_Battery,2030,5,16,24,0.0
741,LU_Battery,2030,6,1,5,0.0
742,LU_Battery,2030,6,6,10,0.0
743,LU_Battery,2030,6,11,15,0.0
744,LU_Battery,2030,6,16,24,0.0
745,LU_Battery,2030,7,1,5,0.0
746,LU_Battery,2030,7,6,10,0.0
747,LU_Battery,2030,7,11,15,0.0
748,LU_Battery,2030,7,16,24,0.0
749,LU_Battery,2030,8,1,5,0.0
750,LU_Battery,2030,8,6,10,0.0
751,LU_Battery,2030,8,11,15,0.0
752,LU_Battery,2030,8,16,24,0.0
753,LU_Battery,2030,9,1,5,0.0
754,LU_Battery,2030,9,6,10,0.0
755,LU_Battery,2030,9,11,15,-3.8055
756,LU_Battery,2030,9,16,24,0.0
757,LU_Battery,2030,10,1,5,0.0
758,LU_Battery,2030,10,6,10,0.0
759,LU_Battery,2030,10,11,15,0.0
760,LU_Battery,2030,10,16,24,0.0
761,LV_Battery,2030,1,1,5,0.0
762,LV_Battery,2030,1,6,10,0.0
763,LV_Battery,2030,1,11,15,0.0
764,LV_Battery,2030,1,16,24,0.0
765,LV_Battery,2030,2,1,5,0.0
766,LV_Battery,2030,2,6,10,0.0
767,LV_Battery,2030,2,11,15,0.0
768,LV_Battery,2030,2,16,24,0.0
769,LV_Battery,2030,3,1,5,0.0
770,LV_Battery,2030,3,6,10,0.0
771,LV_Battery,2030,3,11,15,0.0
772,LV_Battery,2030,3,16,24,0.0
773,LV_Battery,2030,4,1,5,0.0
774,LV_Battery,2030,4,6,10,0.0
775,LV_Battery,2030,4,11,15,0.0
776,LV_Battery,2030,4,16,24,0.0
777,LV_Battery,2030,5,1,5,0.0
778,LV_Battery,2030,5,6,10,0.0
779,LV_Battery,2030,5,11,15,0.0
780,LV_Battery,2030,5,16,24,0.0
781,LV_Battery,2030,6,1,5,0.0
782,LV_Battery,2030,6,6,10,0.0
783,LV_Battery,2030,6,11,15,0.0
784,LV_Battery,2030,6,16,24,0.0
785,LV_Battery,2030,7,1,5,0.0
786,LV_Battery,2030,7,6,10,0.0
787,LV_Battery,2030,7,11,15,0.0
788,LV_Battery,2030,7,16,24,0.0
789,LV_Battery,2030,8,1,5,0.0
790,LV_Battery,2030,8,6,10,0.0
791,LV_Battery,2030,8,11,15,0.0
792,LV_Battery,2030,8,16,24,0.0
793,LV_Battery,2030,9,1,5,0.0
794,LV_Battery,2030,9,6,10,0.0
795,LV_Battery,2030,9,11,15,0.0
796,LV_Battery,2030,9,16,24,0.0
797,LV_Battery,2030,10,1,5,0.0
798,LV_Battery,2030,10,6,10,0.0
799,LV_Battery,2030,10,11,15,0.0
800,LV_Battery,2030,10,16,24,0.0
801,MT_Battery,2030,1,1,5,0.0
802,MT_Battery,2030,1,6,10,0.0
803,MT_Battery,2030,1,11,15,0.0
804,MT_Battery,2030,1,16,24,0.0
805,MT_Battery,2030,2,1,5,0.0
806,MT_Battery,2030,2,6,10,0.0
807,MT_Battery,2030,2,11,15,0.0
808,MT_Battery,2030,2,16,24,0.0
809,MT_Battery,2030,3,1,5,0.0
810,MT_Battery,2030,3,6,10,0.0
811,MT_Battery,2030,3,11,15,0.0
812,MT_Battery,2030,3,16,24,0.0
813,MT_Battery,2030,4,1,5,0.0
814,MT_Battery,2030,4,6,10,0.0
815,MT_Battery,2030,4,11,15,0.0
816,MT_Battery,2030,4,16,24,0.0
817,MT_Battery,2030,5,1,5,0.0
818,MT_Battery,2030,5,6,10,0.0
819,MT_Battery,2030,5,11,15,0.0
820,MT_Battery,2030,5,16,24,0.0
821,MT_Battery,2030,6,1,5,0.0
822,MT_Battery,2030,6,6,10,0.0
823,MT_Battery,2030,6,11,15,-1.593
824,MT_Battery,2030,6,16,24,0.0
825,MT_Battery,2030,7,1,5,0.0
826,MT_Battery,2030,7,6,10,0.0
827,MT_Battery,2030,7,11,15,0.0
828,MT_Battery,2030,7,16,24,0.0
829,MT_Battery,2030,8,1,5,0.0
830,MT_Battery,2030,8,6,10,0.0
831,MT_Battery,2030,8,11,15,0.0
832,MT_Battery,2030,8,16,24,0.0
833,MT_Battery,2030,9,1,5,0.0
834,MT_Battery,2030,9,6,10,0.0
835,MT_Battery,2030,9,11,15,-3.8055
836,MT_Battery,2030,9,16,24,0.0
837,MT_Battery,2030,10,1,5,0.0
838,MT_Battery,2030,10,6,10,0.0
839,MT_Battery,2030,10,11,15,0.0
840,MT_Battery,2030,10,16,24,0.0
841,NL_Battery,2030,1,1,5,0.0
842,NL_Battery,2030,1,6,10,0.0
843,NL_Battery,2030,1,11,15,-3.313357162746062
844,NL_Battery,2030,1,16,24,0.0
845,NL_Battery,2030,2,1,5,0.0
846,NL_Battery,2030,2,6,10,0.0
847,NL_Battery,2030,2,11,15,0.0
848,NL_Battery,2030,2,16,24,0.0
849,NL_Battery,2030,3,1,5,0.0
850,NL_Battery,2030,3,6,10,0.0
851,NL_Battery,2030,3,11,15,0.0
852,NL_Battery,2030,3,16,24,0.0
853,NL_Battery,2030,4,1,5,0.0
854,NL_Battery,2030,4,6,10,0.0
855,NL_Battery,2030,4,11,15,0.0
856,NL_Battery,2030,4,16,24,0.0
857,NL_Battery,2030,5,1,5,0.0
858,NL_Battery,2030,5,6,10,0.0
859,NL_Battery,2030,5,11,15,0.0
860,NL_Battery,2030,5,16,24,0.0
861,NL_Battery,2030,6,1,5,0.0
862,NL_Battery,2030,6,6,10,0.0
863,NL_Battery,2030,6,11,15,0.0
864,NL_Battery,2030,6,16,24,0.0
865,NL_Battery,2030,7,1,5,0.0
866,NL_Battery,2030,7,6,10,0.0
867,NL_Battery,2030,7,11,15,0.0
868,NL_Battery,2030,7,16,24,0.0
869,NL_Battery,2030,8,1,5,0.0
870,NL_Battery,2030,8,6,10,0.0
871,NL_Battery,2030,8,11,15,0.0
872,NL_Battery,2030,8,16,24,0.0
873,NL_Battery,2030,9,1,5,0.0
874,NL_Battery,2030,9,6,10,0.0
875,NL_Battery,2030,9,11,15,0.0
876,NL_Battery,2030,9,16,24,0.0
877,NL_Battery,2030,10,1,5,0.0
878,NL_Battery,2030,10,6,10,0.0
879,NL_Battery,2030,10,11,15,0.0
880,NL_Battery,2030,10,16,24,0.0
881,NO_Battery,2030,1,1,5,0.0
882,NO_Battery,2030,1,6,10,0.0
883,NO_Battery,2030,1,11,15,0.0
884,NO_Battery,2030,1,16,24,0.0
885,NO_Battery,2030,2,1,5,0.0
886,NO_Battery,2030,2,6,10,0.0
887,NO_Battery,2030,2,11,15,0.0
888,NO_Battery,2030,2,16,24,0.0
889,NO_Battery,2030,3,1,5,0.0
890,NO_Battery,2030,3,6,10,0.0
891,NO_Battery,2030,3,11,15,0.0
892,NO_Battery,2030,3,16,24,0.0
893,NO_Battery,2030,4,1,5,0.0
894,NO_Battery,2030,4,6,10,0.0
895,NO_Battery,2030,4,11,15,0.0
896,NO_Battery,2030,4,16,24,0.0
897,NO_Battery,2030,5,1,5,0.0
898,NO_Battery,2030,5,6,10,0.0
899,NO_Battery,2030,5,11,15,0.0
900,NO_Battery,2030,5,16,24,0.0
901,NO_Battery,2030,6,1,5,0.0
902,NO_Battery,2030,6,6,10,0.0
903,NO_Battery,2030,6,11,15,0.0
904,NO_Battery,2030,6,16,24,0.0
905,NO_Battery,2030,7,1,5,0.0
906,NO_Battery,2030,7,6,10,0.0
907,NO_Battery,2030,7,11,15,0.0
908,NO_Battery,2030,7,16,24,0.0
909,NO_Battery,2030,8,1,5,0.0
910,NO_Battery,2030,8,6,10,0.0
911,NO_Battery,2030,8,11,15,0.0
912,NO_Battery,2030,8,16,24,0.0
913,NO_Battery,2030,9,1,5,0.0
914,NO_Battery,2030,9,6,10,0.0
915,NO_Battery,2030,9,11,15,0.0
916,NO_Battery,2030,9,16,24,0.0
917,NO_Battery,2030,10,1,5,0.0
918,NO_Battery,2030,10,6,10,0.0
919,NO_Battery,2030,10,11,15,0.0
920,NO_Battery,2030,10,16,24,0.0
921,PL_Battery,2030,1,1,5,0.0
922,PL_Battery,2030,1,6,10,0.0
923,PL_Battery,2030,1,11,15,0.0
924,PL_Battery,2030,1,16,24,0.0
925,PL_Battery,2030,2,1,5,0.0
926,PL_Battery,2030,2,6,10,0.0
927,PL_Battery,2030,2,11,15,0.0
928,PL_Battery,2030,2,16,24,0.0
929,PL_Battery,2030,3,1,5,0.0
930,PL_Battery,2030,3,6,10,0.0
931,PL_Battery,2030,3,11,15,0.0
932,PL_Battery,2030,3,16,24,0.0
933,PL_Battery,2030,4,1,5,0.0
934,PL_Battery,2030,4,6,10,0.0
935,PL_Battery,2030,4,11,15,0.0
936,PL_Battery,2030,4,16,24,0.0
937,PL_Battery,2030,5,1,5,0.0
938,PL_Battery,2030,5,6,10,0.0
939,PL_Battery,2030,5,11,15,0.0
940,PL_Battery,2030,5,16,24,0.0
941,PL_Battery,2030,6,1,5,0.0
942,PL_Battery,2030,6,6,10,0.0
943,PL_Battery,2030,6,11,15,0.0
944,PL_Battery,2030,6,16,24,0.0
945,PL_Battery,2030,7,1,5,0.0
946,PL_Battery,2030,7,6,10,0.0
947,PL_Battery,2030,7,11,15,0.0
948,PL_Battery,2030,7,16,24,0.0
949,PL_Battery,2030,8,1,5,0.0
950,PL_Battery,2030,8,6,10,0.0
951,PL_Battery,2030,8,11,15,0.0
952,PL_Battery,2030,8,16,24,0.0
953,PL_Battery,2030,9,1,5,0.0
954,PL_Battery,2030,9,6,10,0.0
955,PL_Battery,2030,9,11,15,0.0
956,PL_Battery,2030,9,16,24,0.0
957,PL_Battery,2030,10,1,5,0.0
958,PL_Battery,2030,10,6,10,0.0
959,PL_Battery,2030,10,11,15,0.0
960,PL_Battery,2030,10,16,24,0.0
961,PT_Battery,2030,1,1,5,0.0
962,PT_Battery,2030,1,6,10,0.0
963,PT_Battery,2030,1,11,15,0.0
964,PT_Battery,2030,1,16,24,0.0
965,PT_Battery,2030,2,1,5,0.0
966,PT_Battery,2030,2,6,10,0.0
967,PT_Battery,2030,2,11,15,0.0
968,PT_Battery,2030,2,16,24,0.0
969,PT_Battery,2030,3,1,5,0.0
970,PT_Battery,2030,3,6,10,0.0
971,PT_Battery,2030,3,11,15,0.0
972,PT_Battery,2030,3,16,24,0.0
973,PT_Battery,2030,4,1,5,0.0
974,PT_Battery,2030,4,6,10,0.0
975,PT_Battery,2030,4,11,15,0.0
976,PT_Battery,2030,4,16,24,0.0
977,PT_Battery,2030,5,1,5,0.0
978,PT_Battery,2030,5,6,10,0.0
979,PT_Battery,2030,5,11,15,0.0
980,PT_Battery,2030,5,16,24,0.0
981,PT_Battery,2030,6,1,5,0.0
982,PT_Battery,2030,6,6,10,0.0
983,PT_Battery,2030,6,11,15,0.0
984,PT_Battery,2030,6,16,24,0.0
985,PT_Battery,2030,7,1,5,0.0
986,PT_Battery,2030,7,6,10,0.0
987,PT_Battery,2030,7,11,15,0.0
988,PT_Battery,2030,7,16,24,0.0
989,PT_Battery,2030,8,1,5,0.0
990,PT_Battery,2030,8,6,10,0.0
991,PT_Battery,2030,8,11,15,0.0
992,PT_Battery,2030,8,16,24,0.0
993,PT_Battery,2030,9,1,5,0.0
994,PT_Battery,2030,9,6,10,0.0
995,PT_Battery,2030,9,11,15,0.0
996,PT_Battery,2030,9,16,24,0.0
997,PT_Battery,2030,10,1,5,0.0
998,PT_Battery,2030,10,6,10,0.0
999,PT_Battery,2030,10,11,15,0.0
1000,PT_Battery,2030,10,16,24,0.0
1001,RO_Battery,2030,1,1,5,0.0
1002,RO_Battery,2030,1,6,10,0.0
1003,RO_Battery,2030,1,11,15,0.0
1004,RO_Battery,2030,1,16,24,0.0
1005,RO_Battery,2030,2,1,5,0.0
1006,RO_Battery,2030,2,6,10,0.0
1007,RO_Battery,2030,2,11,15,0.0
1008,RO_Battery,2030,2,16,24,0.0
1009,RO_Battery,2030,3,1,5,0.0
1010,RO_Battery,2030,3,6,10,0.0
1011,RO_Battery,2030,3,11,15,0.0
1012,RO_Battery,2030,3,16,24,0.0
1013,RO_Battery,2030,4,1,5,0.0
1014,RO_Battery,2030,4,6,10,0.0
1015,RO_Battery,2030,4,11,15,0.0
1016,RO_Battery,2030,4,16,24,0.0
1017,RO_Battery,2030,5,1,5,0.0
1018,RO_Battery,2030,5,6,10,0.0
1019,RO_Battery,2030,5,11,15,0.0
1020,RO_Battery,2030,5,16,24,0.0
1021,RO_Battery,2030,6,1,5,0.0
1022,RO_Battery,2030,6,6,10,0.0
1023,RO_Battery,2030,6,11,15,0.0
1024,RO_Battery,2030,6,16,24,0.0
1025,RO_Battery,2030,7,1,5,0.0
1026,RO_Battery,2030,7,6,10,0.0
1027,RO_Battery,2030,7,11,15,0.0
1028,RO_Battery,2030,7,16,24,0.0
1029,RO_Battery,2030,8,1,5,0.0
1030,RO_Battery,2030,8,6,10,0.0
1031,RO_Battery,2030,8,11,15,0.0
1032,RO_Battery,2030,8,16,24,0.0
1033,RO_Battery,2030,9,1,5,0.0
1034,RO_Battery,2030,9,6,10,0.0
1035,RO_Battery,2030,9,11,15,0.0
1036,RO_Battery,2030,9,16,24,0.0
1037,RO_Battery,2030,10,1,5,0.0
1038,RO_Battery,2030,10,6,10,0.0
1039,RO_Battery,2030,10,11,15,0.0
1040,RO_Battery,2030,10,16,24,0.0
1041,SE_Battery,2030,1,1,5,0.0
1042,SE_Battery,2030,1,6,10,0.0
1043,SE_Battery,2030,1,11,15,-3.313357162746062
1044,SE_Battery,2030,1,16,24,0.0
1045,SE_Battery,2030,2,1,5,0.0
1046,SE_Battery,2030,2,6,10,0.0
1047,SE_Battery,2030,2,11,15,0.0
1048,SE_Battery,2030,2,16,24,0.0
1049,SE_Battery,2030,3,1,5,0.0
1050,SE_Battery,2030,3,6,10,0.0
1051,SE_Battery,2030,3,11,15,0.0
1052,SE_Battery,2030,3,16,24,0.0
1053,SE_Battery,2030,4,1,5,0.0
1054,SE_Battery,2030,4,6,10,0.0
1055,SE_Battery,2030,4,11,15,0.0
1056,SE_Battery,2030,4,16,24,0.0
1057,SE_Battery,2030,5,1,5,0.0
1058,SE_Battery,2030,5,6,10,0.0
1059,SE_Battery,2030,5,11,15,0.0
1060,SE_Battery,2030,5,16,24,0.0
1061,SE_Battery,2030,6,1,5,0.0
1062,SE_Battery,2030,6,6,10,0.0
1063,SE_Battery,2030,6,11,15,-1.593
1064,SE_Battery,2030,6,16,24,0.0
1065,SE_Battery,2030,7,1,5,0.0
1066,SE_Battery,2030,7,6,10,0.0
1067,SE_Battery,2030,7,11,15,0.0
1068,SE_Battery,2030,7,16,24,0.0
1069,SE_Battery,2030,8,1,5,0.0
1070,SE_Battery,2030,8,6,10,0.0
1071,SE_Battery,2030,8,11,15,0.0
1072,SE_Battery,2030,8,16,24,0.0
1073,SE_Battery,2030,9,1,5,0.0
1074,SE_Battery,2030,9,6,10,-2.5842172005098054
1075,SE_Battery,2030,9,11,15,0.0
1076,SE_Battery,2030,9,16,24,0.0
1077,SE_Battery,2030,10,1,5,0.0
1078,SE_Battery,2030,10,6,10,0.0
1079,SE_Battery,2030,10,11,15,0.0
1080,SE_Battery,2030,10,16,24,0.0
1081,SI_Battery,2030,1,1,5,0.0
1082,SI_Battery,2030,1,6,10,0.0
1083,SI_Battery,2030,1,11,15,0.0
1084,SI_Battery,2030,1,16,24,0.0
1085,SI_Battery,2030,2,1,5,0.0
1086,SI_Battery,2030,2,6,10,0.0
1087,SI_Battery,2030,2,11,15,0.0
1088,SI_Battery,2030,2,16,24,0.0
1089,SI_Battery,2030,3,1,5,0.0
1090,SI_Battery,2030,3,6,10,0.0
1091,SI_Battery,2030,3,11,15,0.0
1092,SI_Battery,2030,3,16,24,0.0
1093,SI_Battery,2030,4,1,5,0.0
1094,SI_Battery,2030,4,6,10,0.0
1095,SI_Battery,2030,4,11,15,0.0
1096,SI_Battery,2030,4,16,24,0.0
1097,SI_Battery,2030,5,1,5,0.0
1098,SI_Battery,2030,5,6,10,0.0
1099,SI_Battery,2030,5,11,15,0.0
1100,SI_Battery,2030,5,16,24,0.0
1101,SI_Battery,2030,6,1,5,0.0
1102,SI_Battery,2030,6,6,10,0.0
1103,SI_Battery,2030,6,11,15,0.0
1104,SI_Battery,2030,6,16,24,0.0
1105,SI_Battery,2030,7,1,5,0.0
1106,SI_Battery,2030,7,6,10,0.0
1107,SI_Battery,2030,7,11,15,0.0
1108,SI_Battery,2030,7,16,24,0.0
1109,SI_Battery,2030,8,1,5,0.0
1110,SI_Battery,2030,8,6,10,0.0
1111,SI_Battery,2030,8,11,15,0.0
1112,SI_Battery,2030,8,16,24,0.0
1113,SI_Battery,2030,9,1,5,0.0
1114,SI_Battery,2030,9,6,10,0.0
1115,SI_Battery,2030,9,11,15,0.0
1116,SI_Battery,2030,9,16,24,0.0
1117,SI_Battery,2030,10,1,5,0.0
1118,SI_Battery,2030,10,6,10,0.0
1119,SI_Battery,2030,10,11,15,0.0
1120,SI_Battery,2030,10,16,24,0.0
1121,SK_Battery,2030,1,1,5,0.0
1122,SK_Battery,2030,1,6,10,0.0
1123,SK_Battery,2030,1,11,15,0.0
1124,SK_Battery,2030,1,16,24,0.0
1125,SK_Battery,2030,2,1,5,0.0
1126,SK_Battery,2030,2,6,10,0.0
1127,SK_Battery,2030,2,11,15,0.0
1128,SK_Battery,2030,2,16,24,0.0
1129,SK_Battery,2030,3,1,5,0.0
1130,SK_Battery,2030,3,6,10,0.0
1131,SK_Battery,2030,3,11,15,0.0
1132,SK_Battery,2030,3,16,24,0.0
1133,SK_Battery,2030,4,1,5,0.0
1134,SK_Battery,2030,4,6,10,0.0
1135,SK_Battery,2030,4,11,15,-1.759500000000001
1136,SK_Battery,2030,4,16,24,0.0
1137,SK_Battery,2030,5,1,5,0.0
1138,SK_Battery,2030,5,6,10,0.0
1139,SK_Battery,2030,5,11,15,0.0
1140,SK_Battery,2030,5,16,24,0.0
1141,SK_Battery,2030,6,1,5,0.0
1142,SK_Battery,2030,6,6,10,0.0
1143,SK_Battery,2030,6,11,15,0.0
1144,SK_Battery,2030,6,16,24,0.0
1145,SK_Battery,2030,7,1,5,0.0
1146,SK_Battery,2030,7,6,10,0.0
1147,SK_Battery,2030,7,11,15,0.0
1148,SK_Battery,2030,7,16,24,0.0
1149,SK_Battery,2030,8,1,5,0.0
1150,SK_Battery,2030,8,6,10,0.0
1151,SK_Battery,2030,8,11,15,0.0
1152,SK_Battery,2030,8,16,24,0.0
1153,SK_Battery,2030,9,1,5,0.0
1154,SK_Battery,2030,9,6,10,0.0
1155,SK_Battery,2030,9,11,15,0.0
1156,SK_Battery,2030,9,16,24,0.0
1157,SK_Battery,2030,10,1,5,0.0
1158,SK_Battery,2030,10,6,10,0.0
1159,SK_Battery,2030,10,11,15,0.0
1160,SK_Battery,2030,10,16,24,0.0
1161,UK_Battery,2030,1,1,5,0.0
1162,UK_Battery,2030,1,6,10,0.0
1163,UK_Battery,2030,1,11,15,0.0
1164,UK_Battery,2030,1,16,24,0.0
1165,UK_Battery,2030,2,1,5,0.0
1166,UK_Battery,2030,2,6,10,0.0
1167,UK_Battery,2030,2,11,15,0.0
1168,UK_Battery,2030,2,16,24,0.0
1169,UK_Battery,2030,3,1,5,0.0
1170,UK_Battery,2030,3,6,10,0.0
1171,UK_Battery,2030,3,11,15,0.0
1172,UK_Battery,2030,3,16,24,0.0
1173,UK_Battery,2030,4,1,5,0.0
1174,UK_Battery,2030,4,6,10,0.0
1175,UK_Battery,2030,4,11,15,0.0
1176,UK_Battery,2030,4,16,24,0.0
1177,UK_Battery,2030,5,1,5,0.0
1178,UK_Battery,2030,5,6,10,0.0
1179,UK_Battery,2030,5,11,15,0.0
1180,UK_Battery,2030,5,16,24,0.0
1181,UK_Battery,2030,6,1,5,0.0
1182,UK_Battery,2030,6,6,10,0.0
1183,UK_Battery,2030,6,11,15,0.0
1184,UK_Battery,2030,6,16,24,0.0
1185,UK_Battery,2030,7,1,5,0.0
1186,UK_Battery,2030,7,6,10,0.0
1187,UK_Battery,2030,7,11,15,0.0
1188,UK_Battery,2030,7,16,24,0.0
1189,UK_Battery,2030,8,1,5,0.0
1190,UK_Battery,2030,8,6,10,0.0
1191,UK_Battery,2030,8,11,15,0.0
1192,UK_Battery,2030,8,16,24,0.0
1193,UK_Battery,2030,9,1,5,0.0
1194,UK_Battery,2030,9,6,10,0.0
1195,UK_Battery,2030,9,11,15,0.0
1196,UK_Battery,2030,9,16,24,0.0
1197,UK_Battery,2030,10,1,5,0.0
1198,UK_Battery,2030,10,6,10,0.0
1199,UK_Battery,2030,10,11,15,0.0
1200,UK_Battery,2030,10,16,24,0.0
